OBJECTID,GEOID_Data,B01001e1,GEOID
3,05000US01001,55036,1001
4,05000US01003,203360,1003
5,05000US01005,26201,1005
6,05000US01007,22580,1007
7,05000US01009,57667,1009
8,05000US01011,10478,1011
9,05000US01013,20126,1013
10,05000US01015,115527,1015
11,05000US01017,33895,1017
12,05000US01019,25855,1019
13,05000US01021,43805,1021
14,05000US01023,13188,1023
15,05000US01025,24625,1025
16,05000US01027,13407,1027
17,05000US01029,14939,1029
18,05000US01031,51073,1031
19,05000US01033,54435,1033
20,05000US01035,12649,1035
21,05000US01037,10955,1037
22,05000US01039,37519,1039
23,05000US01041,13866,1041
24,05000US01043,81703,1043
25,05000US01045,49393,1045
26,05000US01047,40755,1047
27,05000US01049,71194,1049
28,05000US01051,80989,1051
29,05000US01053,37621,1053
30,05000US01055,103132,1055
31,05000US01057,16657,1057
32,05000US01059,31507,1059
33,05000US01061,26572,1061
34,05000US01063,8533,1063
35,05000US01065,14995,1065
36,05000US01067,17110,1067
37,05000US01069,104108,1069
38,05000US01071,52326,1071
39,05000US01073,659460,1073
40,05000US01075,14021,1075
41,05000US01077,92590,1077
42,05000US01079,33288,1079
43,05000US01081,156597,1081
44,05000US01083,91695,1083
45,05000US01085,10362,1085
46,05000US01087,19358,1087
47,05000US01089,353213,1089
48,05000US01091,19743,1091
49,05000US01093,30058,1093
50,05000US01095,94738,1095
51,05000US01097,414328,1097
52,05000US01099,21745,1099
53,05000US01101,227120,1101
54,05000US01103,119157,1103
55,05000US01105,9680,1105
56,05000US01107,20170,1107
57,05000US01109,33287,1109
58,05000US01111,22530,1111
59,05000US01113,58480,1113
60,05000US01115,86937,1115
61,05000US01117,208721,1117
62,05000US01119,13084,1119
63,05000US01121,80888,1121
64,05000US01123,40756,1123
65,05000US01125,204424,1125
66,05000US01127,64927,1127
67,05000US01129,16746,1129
68,05000US01131,10919,1131
69,05000US01133,23968,1133
70,05000US02013,3338,2013
71,05000US02016,5784,2016
72,05000US02020,298225,2020
73,05000US02050,17957,2050
74,05000US02060,917,2060
75,05000US02068,2303,2068
76,05000US02070,4974,2070
77,05000US02090,100031,2090
78,05000US02100,2537,2100
79,05000US02105,2146,2105
80,05000US02110,32434,2110
81,05000US02122,57961,2122
82,05000US02130,13745,2130
83,05000US02150,13773,2150
84,05000US02158,8129,2158
85,05000US02164,1301,2164
86,05000US02170,101135,2170
87,05000US02180,9869,2180
88,05000US02185,9757,2185
89,05000US02188,7715,2188
90,05000US02195,3275,2195
91,05000US02198,6473,2198
92,05000US02220,8810,2220
93,05000US02230,1038,2230
94,05000US02240,6889,2240
95,05000US02261,9439,2261
96,05000US02275,2475,2275
97,05000US02282,682,2282
98,05000US02290,5453,2290
99,05000US04001,71602,4001
100,05000US04003,126516,4003
101,05000US04005,138639,4005
102,05000US04007,53145,4007
103,05000US04009,37700,4009
104,05000US04011,9368,4011
105,05000US04012,20477,4012
106,05000US04013,4155501,4013
107,05000US04015,204691,4015
108,05000US04017,107902,4017
109,05000US04019,1007257,4019
110,05000US04021,405537,4021
111,05000US04023,46358,4023
112,05000US04025,220972,4025
113,05000US04027,204281,4027
114,05000US05001,18352,5001
115,05000US05003,20771,5003
116,05000US05005,41093,5005
117,05000US05007,251823,5007
118,05000US05009,37212,5009
119,05000US05011,10994,5011
120,05000US05013,5194,5013
121,05000US05015,27782,5015
122,05000US05017,11008,5017
123,05000US05019,22495,5019
124,05000US05021,15190,5021
125,05000US05023,25361,5023
126,05000US05025,8332,5025
127,05000US05027,23992,5027
128,05000US05029,20954,5029
129,05000US05031,104246,5031
130,05000US05033,62119,5033
131,05000US05035,49278,5035
132,05000US05037,17164,5037
133,05000US05039,7585,5039
134,05000US05041,12094,5041
135,05000US05043,18620,5043
136,05000US05045,121282,5045
137,05000US05047,17803,5047
138,05000US05049,12092,5049
139,05000US05051,97994,5051
140,05000US05053,18076,5053
141,05000US05055,44197,5055
142,05000US05057,22154,5057
143,05000US05059,33480,5059
144,05000US05061,13472,5061
145,05000US05063,37097,5063
146,05000US05065,13521,5065
147,05000US05067,17429,5067
148,05000US05069,71373,5069
149,05000US05071,26155,5071
150,05000US05073,7051,5073
151,05000US05075,16777,5075
152,05000US05077,9614,5077
153,05000US05079,13885,5079
154,05000US05081,12494,5081
155,05000US05083,21802,5083
156,05000US05085,71568,5085
157,05000US05087,15907,5087
158,05000US05089,16374,5089
159,05000US05091,43760,5091
160,05000US05093,43534,5093
161,05000US05095,7420,5095
162,05000US05097,9059,5097
163,05000US05099,8528,5099
164,05000US05101,7898,5101
165,05000US05103,24378,5103
166,05000US05105,10320,5105
167,05000US05107,19518,5107
168,05000US05109,10893,5109
169,05000US05111,24098,5111
170,05000US05113,20212,5113
171,05000US05115,63372,5115
172,05000US05117,8309,5117
173,05000US05119,392848,5119
174,05000US05121,17514,5121
175,05000US05123,26688,5123
176,05000US05125,116252,5125
177,05000US05127,10584,5127
178,05000US05129,7925,5129
179,05000US05131,127362,5131
180,05000US05133,17206,5133
181,05000US05135,17041,5135
182,05000US05137,12443,5137
183,05000US05139,40022,5139
184,05000US05141,16751,5141
185,05000US05143,223683,5143
186,05000US05145,78706,5145
187,05000US05147,6763,5147
188,05000US05149,21601,5149
189,05000US06001,1629615,6001
190,05000US06003,1203,6003
191,05000US06005,37306,6005
192,05000US06007,225207,6007
193,05000US06009,45057,6009
194,05000US06011,21479,6011
195,05000US06013,1123678,6013
196,05000US06015,27442,6015
197,05000US06017,185015,6017
198,05000US06019,971616,6019
199,05000US06021,27935,6021
200,05000US06023,135490,6023
201,05000US06025,179957,6025
202,05000US06027,18195,6027
203,05000US06029,878744,6029
204,05000US06031,150183,6031
205,05000US06033,64095,6033
206,05000US06035,31470,6035
207,05000US06037,10105722,6037
208,05000US06039,154440,6039
209,05000US06041,260814,6041
210,05000US06043,17658,6043
211,05000US06045,87497,6045
212,05000US06047,267390,6047
213,05000US06049,9017,6049
214,05000US06051,14058,6051
215,05000US06053,433168,6053
216,05000US06055,141005,6055
217,05000US06057,98838,6057
218,05000US06059,3155816,6059
219,05000US06061,374985,6061
220,05000US06063,18724,6063
221,05000US06065,2355002,6065
222,05000US06067,1495400,6067
223,05000US06069,58671,6069
224,05000US06071,2121220,6071
225,05000US06073,3283665,6073
226,05000US06075,864263,6075
227,05000US06077,724153,6077
228,05000US06079,280119,6079
229,05000US06081,763450,6081
230,05000US06083,442996,6083
231,05000US06085,1911226,6085
232,05000US06087,273263,6087
233,05000US06089,178919,6089
234,05000US06091,2885,6091
235,05000US06093,43530,6093
236,05000US06095,434981,6095
237,05000US06097,500943,6097
238,05000US06099,535684,6099
239,05000US06101,95583,6101
240,05000US06103,63247,6103
241,05000US06105,13037,6105
242,05000US06107,458809,6107
243,05000US06109,53899,6109
244,05000US06111,847834,6111
245,05000US06113,212605,6113
246,05000US06115,74644,6115
247,05000US08001,487850,8001
248,05000US08003,16345,8003
249,05000US08005,626612,8005
250,05000US08007,12592,8007
251,05000US08009,3581,8009
252,05000US08011,5806,8011
253,05000US08013,316782,8013
254,05000US08014,64283,8014
255,05000US08015,18818,8015
256,05000US08017,2127,8017
257,05000US08019,9257,8019
258,05000US08021,8147,8021
259,05000US08023,3628,8023
260,05000US08025,5514,8025
261,05000US08027,4505,8027
262,05000US08029,30217,8029
263,05000US08031,678467,8031
264,05000US08033,1736,8033
265,05000US08035,320940,8035
266,05000US08037,53726,8037
267,05000US08039,24553,8039
268,05000US08041,674826,8041
269,05000US08043,46601,8043
270,05000US08045,57945,8045
271,05000US08047,5793,8047
272,05000US08049,14793,8049
273,05000US08051,16215,8051
274,05000US08053,820,8053
275,05000US08055,6498,8055
276,05000US08057,1372,8057
277,05000US08059,564029,8059
278,05000US08061,1368,8061
279,05000US08063,7846,8063
280,05000US08065,7481,8065
281,05000US08067,54469,8067
282,05000US08069,330976,8069
283,05000US08071,14151,8071
284,05000US08073,5520,8073
285,05000US08075,21885,8075
286,05000US08077,148798,8077
287,05000US08079,834,8079
288,05000US08081,13056,8081
289,05000US08083,25770,8083
290,05000US08085,40908,8085
291,05000US08087,28123,8087
292,05000US08089,18325,8089
293,05000US08091,4653,8091
294,05000US08093,16900,8093
295,05000US08095,4327,8095
296,05000US08097,17747,8097
297,05000US08099,12084,8099
298,05000US08101,163368,8101
299,05000US08103,6557,8103
300,05000US08105,11430,8105
301,05000US08107,24359,8107
302,05000US08109,6338,8109
303,05000US08111,569,8111
304,05000US08113,7804,8113
305,05000US08115,2357,8115
306,05000US08117,29722,8117
307,05000US08119,23769,8119
308,05000US08121,4809,8121
309,05000US08123,285729,8123
310,05000US08125,10109,8125
311,05000US09001,947328,9001
312,05000US09003,897417,9003
313,05000US09005,184454,9005
314,05000US09007,164110,9007
315,05000US09009,862127,9009
316,05000US09011,270772,9011
317,05000US09013,151596,9013
318,05000US09015,116674,9015
319,05000US10001,173145,10001
320,05000US10003,555036,10003
321,05000US10005,215551,10005
322,05000US11001,672391,11001
323,05000US12001,259865,12001
324,05000US12003,27537,12003
325,05000US12005,180117,12005
326,05000US12007,26775,12007
327,05000US12009,568183,12009
328,05000US12011,1890416,12011
329,05000US12013,14458,12013
330,05000US12015,173236,12015
331,05000US12017,141373,12017
332,05000US12019,203291,12019
333,05000US12021,356774,12021
334,05000US12023,68484,12023
335,05000US12027,35675,12027
336,05000US12029,16323,12029
337,05000US12031,912043,12031
338,05000US12033,309924,12033
339,05000US12035,105015,12035
340,05000US12037,11675,12037
341,05000US12039,46113,12039
342,05000US12041,17191,12041
343,05000US12043,13197,12043
344,05000US12045,16018,12045
345,05000US12047,14238,12047
346,05000US12049,27326,12049
347,05000US12051,39064,12051
348,05000US12053,179144,12053
349,05000US12055,100177,12055
350,05000US12057,1351087,12057
351,05000US12059,19483,12059
352,05000US12061,147981,12061
353,05000US12063,48571,12063
354,05000US12065,14085,12065
355,05000US12067,8684,12067
356,05000US12069,326215,12069
357,05000US12071,700165,12071
358,05000US12073,285890,12073
359,05000US12075,39713,12075
360,05000US12077,8347,12077
361,05000US12079,18518,12079
362,05000US12081,363542,12081
363,05000US12083,343778,12083
364,05000US12085,155719,12085
365,05000US12086,2702602,12086
366,05000US12087,76745,12087
367,05000US12089,78435,12089
368,05000US12091,197591,12091
369,05000US12093,40228,12093
370,05000US12095,1290216,12095
371,05000US12097,325168,12097
372,05000US12099,1426772,12099
373,05000US12101,498136,12101
374,05000US12103,949842,12103
375,05000US12105,652256,12105
376,05000US12107,72435,12107
377,05000US12109,226578,12109
378,05000US12111,298763,12111
379,05000US12113,166778,12113
380,05000US12115,404839,12115
381,05000US12117,449260,12117
382,05000US12119,116754,12119
383,05000US12121,43814,12121
384,05000US12123,22350,12123
385,05000US12125,15300,12125
386,05000US12127,518660,12127
387,05000US12129,31586,12129
388,05000US12131,63457,12131
389,05000US12133,24472,12133
390,05000US13001,18471,13001
391,05000US13003,8313,13003
392,05000US13005,11279,13005
393,05000US13007,3251,13007
394,05000US13009,45527,13009
395,05000US13011,18363,13011
396,05000US13013,75099,13013
397,05000US13015,102623,13015
398,05000US13017,17272,13017
399,05000US13019,19014,13019
400,05000US13021,153923,13021
401,05000US13023,12779,13023
402,05000US13025,18411,13025
403,05000US13027,15629,13027
404,05000US13029,34883,13029
405,05000US13031,73742,13031
406,05000US13033,22645,13033
407,05000US13035,23556,13035
408,05000US13037,6503,13037
409,05000US13039,52252,13039
410,05000US13043,10894,13043
411,05000US13045,114898,13045
412,05000US13047,65870,13047
413,05000US13049,12963,13049
414,05000US13051,285506,13051
415,05000US13053,11096,13053
416,05000US13055,24880,13055
417,05000US13057,235896,13057
418,05000US13059,123554,13059
419,05000US13061,3024,13061
420,05000US13063,274150,13063
421,05000US13065,6788,13065
422,05000US13067,739072,13067
423,05000US13069,43048,13069
424,05000US13071,45890,13071
425,05000US13073,143723,13073
426,05000US13075,17190,13075
427,05000US13077,138015,13077
428,05000US13079,12385,13079
429,05000US13081,23005,13081
430,05000US13083,16282,13083
431,05000US13085,23397,13085
432,05000US13087,27023,13087
433,05000US13089,736066,13089
434,05000US13091,21063,13091
435,05000US13093,14053,13093
436,05000US13095,91522,13095
437,05000US13097,140152,13097
438,05000US13099,10405,13099
439,05000US13101,4011,13101
440,05000US13103,57087,13103
441,05000US13105,19288,13105
442,05000US13107,22502,13107
443,05000US13109,10757,13109
444,05000US13111,24480,13111
445,05000US13113,110306,13113
446,05000US13115,96471,13115
447,05000US13117,211300,13117
448,05000US13119,22328,13119
449,05000US13121,1010420,13121
450,05000US13123,29614,13123
451,05000US13125,3027,13125
452,05000US13127,83467,13127
453,05000US13129,56424,13129
454,05000US13131,25048,13131
455,05000US13133,16732,13133
456,05000US13135,889954,13135
457,05000US13137,43878,13137
458,05000US13139,192865,13139
459,05000US13141,8667,13141
460,05000US13143,28722,13143
461,05000US13145,33198,13145
462,05000US13147,25535,13147
463,05000US13149,11607,13149
464,05000US13151,217506,13151
465,05000US13153,150341,13153
466,05000US13155,9278,13155
467,05000US13157,63851,13157
468,05000US13159,13732,13159
469,05000US13161,14999,13161
470,05000US13163,15954,13163
471,05000US13165,8929,13165
472,05000US13167,9800,13167
473,05000US13169,28540,13169
474,05000US13171,18282,13171
475,05000US13173,10388,13173
476,05000US13175,47451,13175
477,05000US13177,29216,13177
478,05000US13179,62120,13179
479,05000US13181,7768,13181
480,05000US13183,17857,13183
481,05000US13185,113941,13185
482,05000US13187,31567,13187
483,05000US13189,21488,13189
484,05000US13191,14061,13191
485,05000US13193,13675,13193
486,05000US13195,28600,13195
487,05000US13197,8558,13197
488,05000US13199,21152,13199
489,05000US13201,5884,13201
490,05000US13205,22574,13205
491,05000US13207,26795,13207
492,05000US13209,8962,13209
493,05000US13211,18013,13211
494,05000US13213,39444,13213
495,05000US13215,198647,13215
496,05000US13217,105042,13217
497,05000US13219,35972,13219
498,05000US13221,14654,13221
499,05000US13223,152399,13223
500,05000US13225,27027,13225
501,05000US13227,30343,13227
502,05000US13229,19141,13229
503,05000US13231,17919,13231
504,05000US13233,41444,13233
505,05000US13235,11396,13235
506,05000US13237,21430,13237
507,05000US13239,2140,13239
508,05000US13241,16354,13241
509,05000US13243,7206,13243
510,05000US13245,201568,13245
511,05000US13247,88482,13247
512,05000US13249,5168,13249
513,05000US13251,14037,13251
514,05000US13253,8549,13253
515,05000US13255,64192,13255
516,05000US13257,25625,13257
517,05000US13259,5832,13259
518,05000US13261,30687,13261
519,05000US13263,6423,13263
520,05000US13265,1844,13265
521,05000US13267,25402,13267
522,05000US13269,8267,13269
523,05000US13271,16339,13271
524,05000US13273,8978,13273
525,05000US13275,44909,13275
526,05000US13277,40531,13277
527,05000US13279,27160,13279
528,05000US13281,11173,13281
529,05000US13283,6752,13283
530,05000US13285,69433,13285
531,05000US13287,8036,13287
532,05000US13289,8323,13289
533,05000US13291,22262,13291
534,05000US13293,26241,13293
535,05000US13295,68609,13295
536,05000US13297,88695,13297
537,05000US13299,35688,13299
538,05000US13301,5410,13301
539,05000US13303,20506,13303
540,05000US13305,29833,13305
541,05000US13307,2627,13307
542,05000US13309,7952,13309
543,05000US13311,28509,13311
544,05000US13313,103963,13313
545,05000US13315,8896,13315
546,05000US13317,9905,13317
547,05000US13319,9147,13319
548,05000US13321,20809,13321
549,05000US15001,196325,15001
550,05000US15003,990060,15003
551,05000US15005,86,15005
552,05000US15007,71093,15007
553,05000US15009,164094,15009
554,05000US16001,435117,16001
555,05000US16003,3946,16003
556,05000US16005,84113,16005
557,05000US16007,5942,16007
558,05000US16009,9050,16009
559,05000US16011,45369,16011
560,05000US16013,21583,16013
561,05000US16015,6968,16015
562,05000US16017,41855,16017
563,05000US16019,110404,16019
564,05000US16021,11323,16021
565,05000US16023,2613,16023
566,05000US16025,886,16025
567,05000US16027,207027,16027
568,05000US16029,6862,16029
569,05000US16031,23472,16031
570,05000US16033,1055,16033
571,05000US16035,8533,16035
572,05000US16037,4141,16037
573,05000US16039,26232,16039
574,05000US16041,13120,16041
575,05000US16043,12889,16043
576,05000US16045,16850,16045
577,05000US16047,15110,16047
578,05000US16049,16275,16049
579,05000US16051,27410,16051
580,05000US16053,23039,16053
581,05000US16055,150128,16055
582,05000US16057,38697,16057
583,05000US16059,7755,16059
584,05000US16061,3824,16061
585,05000US16063,5296,16063
586,05000US16065,38241,16065
587,05000US16067,20448,16067
588,05000US16069,40014,16069
589,05000US16071,4284,16071
590,05000US16073,11384,16073
591,05000US16075,22839,16075
592,05000US16077,7667,16077
593,05000US16079,12490,16079
594,05000US16081,10776,16081
595,05000US16083,82248,16083
596,05000US16085,10104,16085
597,05000US16087,9996,16087
598,05000US17001,66787,17001
599,05000US17003,6776,17003
600,05000US17005,17034,17005
601,05000US17007,53638,17007
602,05000US17009,6791,17009
603,05000US17011,33619,17011
604,05000US17013,4897,17013
605,05000US17015,14704,17015
606,05000US17017,12880,17017
607,05000US17019,207946,17019
608,05000US17021,33562,17021
609,05000US17023,15924,17023
610,05000US17025,13393,17025
611,05000US17027,37640,17027
612,05000US17029,52540,17029
613,05000US17031,5238541,17031
614,05000US17033,19214,17033
615,05000US17035,10899,17035
616,05000US17037,104473,17037
617,05000US17039,16176,17039
618,05000US17041,19830,17041
619,05000US17043,931826,17043
620,05000US17045,17603,17045
621,05000US17047,6570,17047
622,05000US17049,34164,17049
623,05000US17051,21980,17051
624,05000US17053,13470,17053
625,05000US17055,39302,17055
626,05000US17057,35733,17057
627,05000US17059,5226,17059
628,05000US17061,13311,17061
629,05000US17063,50333,17063
630,05000US17065,8259,17065
631,05000US17067,18264,17067
632,05000US17069,4161,17069
633,05000US17071,6927,17071
634,05000US17073,49649,17073
635,05000US17075,28457,17075
636,05000US17077,59115,17077
637,05000US17079,9608,17079
638,05000US17081,38358,17081
639,05000US17083,22215,17083
640,05000US17085,22046,17085
641,05000US17087,12899,17087
642,05000US17089,529402,17089
643,05000US17091,110801,17091
644,05000US17093,122933,17093
645,05000US17095,51374,17095
646,05000US17097,704476,17097
647,05000US17099,111151,17099
648,05000US17101,16457,17101
649,05000US17103,34670,17103
650,05000US17105,36812,17105
651,05000US17107,29488,17107
652,05000US17109,31597,17109
653,05000US17111,308043,17111
654,05000US17113,173231,17113
655,05000US17115,107587,17115
656,05000US17117,45960,17117
657,05000US17119,266153,17119
658,05000US17121,38305,17121
659,05000US17123,11925,17123
660,05000US17125,13904,17125
661,05000US17127,14594,17127
662,05000US17129,12416,17129
663,05000US17131,15794,17131
664,05000US17133,33739,17133
665,05000US17135,29173,17135
666,05000US17137,34442,17137
667,05000US17139,14711,17139
668,05000US17141,51619,17141
669,05000US17143,186145,17143
670,05000US17145,21467,17145
671,05000US17147,16433,17147
672,05000US17149,15930,17149
673,05000US17151,4360,17151
674,05000US17153,5691,17153
675,05000US17155,5771,17155
676,05000US17157,32829,17157
677,05000US17159,15953,17159
678,05000US17161,146205,17161
679,05000US17163,264433,17163
680,05000US17165,24430,17165
681,05000US17167,198134,17167
682,05000US17169,7181,17169
683,05000US17171,5109,17171
684,05000US17173,21906,17173
685,05000US17175,5551,17175
686,05000US17177,45839,17177
687,05000US17179,134695,17179
688,05000US17181,17267,17181
689,05000US17183,79207,17183
690,05000US17185,11568,17185
691,05000US17187,17429,17187
692,05000US17189,14260,17189
693,05000US17191,16569,17191
694,05000US17193,14186,17193
695,05000US17195,56823,17195
696,05000US17197,687727,17197
697,05000US17199,67477,17199
698,05000US17201,287512,17201
699,05000US17203,38942,17203
700,05000US18001,35018,18001
701,05000US18003,367747,18003
702,05000US18005,81024,18005
703,05000US18007,8685,18007
704,05000US18009,12214,18009
705,05000US18011,63013,18011
706,05000US18013,15007,18013
707,05000US18015,19994,18015
708,05000US18017,38248,18017
709,05000US18019,114893,18019
710,05000US18021,26375,18021
711,05000US18023,32455,18023
712,05000US18025,10598,18025
713,05000US18027,32777,18027
714,05000US18029,49564,18029
715,05000US18031,26480,18031
716,05000US18033,42524,18033
717,05000US18035,115938,18035
718,05000US18037,42379,18037
719,05000US18039,202924,18039
720,05000US18041,23426,18041
721,05000US18043,76481,18043
722,05000US18045,16620,18045
723,05000US18047,22835,18047
724,05000US18049,20296,18049
725,05000US18051,33596,18051
726,05000US18053,67615,18053
727,05000US18055,32431,18055
728,05000US18057,309687,18057
729,05000US18059,72776,18059
730,05000US18061,39450,18061
731,05000US18063,158170,18063
732,05000US18065,48649,18065
733,05000US18067,82457,18067
734,05000US18069,36520,18069
735,05000US18071,43779,18071
736,05000US18073,33448,18073
737,05000US18075,21107,18075
738,05000US18077,32293,18077
739,05000US18079,27840,18079
740,05000US18081,149359,18081
741,05000US18083,37763,18083
742,05000US18085,78720,18085
743,05000US18087,38720,18087
744,05000US18089,488694,18089
745,05000US18091,110839,18091
746,05000US18093,45669,18093
747,05000US18095,129641,18095
748,05000US18097,939964,18097
749,05000US18099,46752,18099
750,05000US18101,10219,18101
751,05000US18103,36035,18103
752,05000US18105,144436,18105
753,05000US18107,38288,18107
754,05000US18109,69533,18109
755,05000US18111,14056,18111
756,05000US18113,47421,18113
757,05000US18115,5911,18115
758,05000US18117,19623,18117
759,05000US18119,20957,18119
760,05000US18121,17062,18121
761,05000US18123,19229,18123
762,05000US18125,12471,18125
763,05000US18127,167391,18127
764,05000US18129,25599,18129
765,05000US18131,12761,18131
766,05000US18133,37543,18133
767,05000US18135,25203,18135
768,05000US18137,28372,18137
769,05000US18139,16765,18139
770,05000US18141,268613,18141
771,05000US18143,23722,18143
772,05000US18145,44339,18145
773,05000US18147,20610,18147
774,05000US18149,22966,18149
775,05000US18151,34459,18151
776,05000US18153,20900,18153
777,05000US18155,10617,18155
778,05000US18157,186081,18157
779,05000US18159,15290,18159
780,05000US18161,7225,18161
781,05000US18163,181831,18163
782,05000US18165,15644,18165
783,05000US18167,107723,18167
784,05000US18169,31848,18169
785,05000US18171,8269,18171
786,05000US18173,61581,18173
787,05000US18175,27807,18175
788,05000US18177,66972,18177
789,05000US18179,27832,18179
790,05000US18181,24279,18181
791,05000US18183,33481,18183
792,05000US19001,7192,19001
793,05000US19003,3785,19003
794,05000US19005,13940,19005
795,05000US19007,12547,19007
796,05000US19009,5711,19009
797,05000US19011,25646,19011
798,05000US19013,132960,19013
799,05000US19015,26381,19015
800,05000US19017,24741,19017
801,05000US19019,21101,19019
802,05000US19021,20369,19021
803,05000US19023,14822,19023
804,05000US19025,9814,19025
805,05000US19027,20428,19027
806,05000US19029,13327,19029
807,05000US19031,18368,19031
808,05000US19033,43134,19033
809,05000US19035,11577,19035
810,05000US19037,12140,19037
811,05000US19039,9267,19039
812,05000US19041,16387,19041
813,05000US19043,17711,19043
814,05000US19045,47587,19045
815,05000US19047,17131,19047
816,05000US19049,80864,19049
817,05000US19051,8834,19051
818,05000US19053,8105,19053
819,05000US19055,17326,19055
820,05000US19057,39876,19057
821,05000US19059,17000,19059
822,05000US19061,96571,19061
823,05000US19063,9661,19063
824,05000US19065,20139,19065
825,05000US19067,15904,19067
826,05000US19069,10326,19069
827,05000US19071,6985,19071
828,05000US19073,9046,19073
829,05000US19075,12354,19075
830,05000US19077,10664,19077
831,05000US19079,15201,19079
832,05000US19081,10971,19081
833,05000US19083,17239,19083
834,05000US19085,14196,19085
835,05000US19087,19865,19087
836,05000US19089,9321,19089
837,05000US19091,9586,19091
838,05000US19093,6965,19093
839,05000US19095,16231,19095
840,05000US19097,19409,19097
841,05000US19099,36789,19099
842,05000US19101,17945,19101
843,05000US19103,144425,19103
844,05000US19105,20468,19105
845,05000US19107,10223,19107
846,05000US19109,15166,19109
847,05000US19111,34785,19111
848,05000US19113,220008,19113
849,05000US19115,11238,19115
850,05000US19117,8600,19117
851,05000US19119,11745,19119
852,05000US19121,15720,19121
853,05000US19123,22301,19123
854,05000US19125,33127,19125
855,05000US19127,40476,19127
856,05000US19129,14933,19129
857,05000US19131,10663,19131
858,05000US19133,8865,19133
859,05000US19135,7912,19135
860,05000US19137,10239,19137
861,05000US19139,42923,19139
862,05000US19141,13944,19141
863,05000US19143,6149,19143
864,05000US19145,15393,19145
865,05000US19147,9110,19147
866,05000US19149,25027,19149
867,05000US19151,6972,19151
868,05000US19153,467235,19153
869,05000US19155,93287,19155
870,05000US19157,18428,19157
871,05000US19159,4986,19159
872,05000US19161,9936,19161
873,05000US19163,171493,19163
874,05000US19165,11772,19165
875,05000US19167,34692,19167
876,05000US19169,95888,19169
877,05000US19171,17236,19171
878,05000US19173,6214,19173
879,05000US19175,12497,19175
880,05000US19177,7308,19177
881,05000US19179,35321,19179
882,05000US19181,48630,19181
883,05000US19183,22095,19183
884,05000US19185,6405,19185
885,05000US19187,36945,19187
886,05000US19189,10545,19189
887,05000US19191,20575,19191
888,05000US19193,102397,19193
889,05000US19195,7502,19195
890,05000US19197,12864,19197
891,05000US20001,12752,20001
892,05000US20003,7840,20003
893,05000US20005,16466,20005
894,05000US20007,4905,20007
895,05000US20009,27067,20009
896,05000US20011,14757,20011
897,05000US20013,9736,20013
898,05000US20015,66260,20015
899,05000US20017,2665,20017
900,05000US20019,3425,20019
901,05000US20021,20501,20021
902,05000US20023,2677,20023
903,05000US20025,2089,20025
904,05000US20027,8203,20027
905,05000US20029,9191,20029
906,05000US20031,8328,20031
907,05000US20033,1741,20033
908,05000US20035,35732,20035
909,05000US20037,39099,20037
910,05000US20039,2891,20039
911,05000US20041,19162,20041
912,05000US20043,7790,20043
913,05000US20045,117806,20045
914,05000US20047,2946,20047
915,05000US20049,2581,20049
916,05000US20051,28877,20051
917,05000US20053,6331,20053
918,05000US20055,37097,20055
919,05000US20057,34658,20057
920,05000US20059,25599,20059
921,05000US20061,35796,20061
922,05000US20063,2632,20063
923,05000US20065,2561,20065
924,05000US20067,7716,20067
925,05000US20069,6004,20069
926,05000US20071,1210,20071
927,05000US20073,6227,20073
928,05000US20075,2621,20075
929,05000US20077,5746,20077
930,05000US20079,34683,20079
931,05000US20081,4081,20081
932,05000US20083,1875,20083
933,05000US20085,13322,20085
934,05000US20087,18856,20087
935,05000US20089,2963,20089
936,05000US20091,578797,20091
937,05000US20093,3931,20093
938,05000US20095,7576,20095
939,05000US20097,2524,20097
940,05000US20099,20553,20099
941,05000US20101,1702,20101
942,05000US20103,79359,20103
943,05000US20105,3121,20105
944,05000US20107,9602,20107
945,05000US20109,2790,20109
946,05000US20111,33302,20111
947,05000US20113,28792,20113
948,05000US20115,12087,20115
949,05000US20117,9859,20117
950,05000US20119,4295,20119
951,05000US20121,32976,20121
952,05000US20123,6230,20123
953,05000US20125,33463,20125
954,05000US20127,5605,20127
955,05000US20129,2931,20129
956,05000US20131,10095,20131
957,05000US20133,16209,20133
958,05000US20135,3001,20135
959,05000US20137,5527,20137
960,05000US20139,15894,20139
961,05000US20141,3684,20141
962,05000US20143,5957,20143
963,05000US20145,6776,20145
964,05000US20147,5446,20147
965,05000US20149,23188,20149
966,05000US20151,9670,20151
967,05000US20153,2520,20153
968,05000US20155,63360,20155
969,05000US20157,4705,20157
970,05000US20159,9868,20159
971,05000US20161,75696,20161
972,05000US20163,5148,20163
973,05000US20165,3119,20165
974,05000US20167,6987,20167
975,05000US20169,55334,20169
976,05000US20171,4981,20171
977,05000US20173,510484,20173
978,05000US20175,22948,20175
979,05000US20177,178392,20177
980,05000US20179,2497,20179
981,05000US20181,5999,20181
982,05000US20183,3693,20183
983,05000US20185,4251,20185
984,05000US20187,2107,20187
985,05000US20189,5741,20189
986,05000US20191,23336,20191
987,05000US20193,7847,20193
988,05000US20195,2899,20195
989,05000US20197,6918,20197
990,05000US20199,1591,20199
991,05000US20201,5572,20201
992,05000US20203,2157,20203
993,05000US20205,8858,20205
994,05000US20207,3178,20207
995,05000US20209,163227,20209
996,05000US21001,19304,21001
997,05000US21003,20628,21003
998,05000US21005,22017,21005
999,05000US21007,8152,21007
1000,05000US21009,43418,21009
1001,05000US21011,12189,21011
1002,05000US21013,27469,21013
1003,05000US21015,127682,21015
1004,05000US21017,20017,21017
1005,05000US21019,48486,21019
1006,05000US21021,29773,21021
1007,05000US21023,8330,21023
1008,05000US21025,13276,21025
1009,05000US21027,19991,21027
1010,05000US21029,78622,21029
1011,05000US21031,12735,21031
1012,05000US21033,12747,21033
1013,05000US21035,38616,21035
1014,05000US21037,91804,21037
1015,05000US21039,4890,21039
1016,05000US21041,10695,21041
1017,05000US21043,27385,21043
1018,05000US21045,15805,21045
1019,05000US21047,72438,21047
1020,05000US21049,35757,21049
1021,05000US21051,20866,21051
1022,05000US21053,10208,21053
1023,05000US21055,9154,21055
1024,05000US21057,6744,21057
1025,05000US21059,99258,21059
1026,05000US21061,12063,21061
1027,05000US21063,7533,21063
1028,05000US21065,14382,21065
1029,05000US21067,315109,21067
1030,05000US21069,14515,21069
1031,05000US21071,37447,21071
1032,05000US21073,49969,21073
1033,05000US21075,6259,21075
1034,05000US21077,8652,21077
1035,05000US21079,17226,21079
1036,05000US21081,24800,21081
1037,05000US21083,37259,21083
1038,05000US21085,26129,21085
1039,05000US21087,11044,21087
1040,05000US21089,36012,21089
1041,05000US21091,8700,21091
1042,05000US21093,107699,21093
1043,05000US21095,27548,21095
1044,05000US21097,18630,21097
1045,05000US21099,18531,21099
1046,05000US21101,46252,21101
1047,05000US21103,15677,21103
1048,05000US21105,4625,21105
1049,05000US21107,45985,21107
1050,05000US21109,13369,21109
1051,05000US21111,764378,21111
1052,05000US21113,51667,21113
1053,05000US21115,23064,21115
1054,05000US21117,163987,21117
1055,05000US21119,15690,21119
1056,05000US21121,31424,21121
1057,05000US21123,14102,21123
1058,05000US21125,59901,21125
1059,05000US21127,15844,21127
1060,05000US21129,6717,21129
1061,05000US21131,10648,21131
1062,05000US21133,23011,21133
1063,05000US21135,13565,21135
1064,05000US21137,24413,21137
1065,05000US21139,9288,21139
1066,05000US21141,26847,21141
1067,05000US21143,8268,21143
1068,05000US21145,65285,21145
1069,05000US21147,17748,21147
1070,05000US21149,9361,21149
1071,05000US21151,88376,21151
1072,05000US21153,12783,21153
1073,05000US21155,19335,21155
1074,05000US21157,31177,21157
1075,05000US21159,12175,21159
1076,05000US21161,17167,21161
1077,05000US21163,28452,21163
1078,05000US21165,6381,21165
1079,05000US21167,21378,21167
1080,05000US21169,9990,21169
1081,05000US21171,10645,21171
1082,05000US21173,27550,21173
1083,05000US21175,13281,21175
1084,05000US21177,31153,21177
1085,05000US21179,45131,21179
1086,05000US21181,7061,21181
1087,05000US21183,24062,21183
1088,05000US21185,64633,21185
1089,05000US21187,10686,21187
1090,05000US21189,4497,21189
1091,05000US21191,14530,21191
1092,05000US21193,27329,21193
1093,05000US21195,61586,21195
1094,05000US21197,12349,21197
1095,05000US21199,63974,21199
1096,05000US21201,2161,21201
1097,05000US21203,16815,21203
1098,05000US21205,24392,21205
1099,05000US21207,17731,21207
1100,05000US21209,52322,21209
1101,05000US21211,45831,21211
1102,05000US21213,17881,21213
1103,05000US21215,18012,21215
1104,05000US21217,25406,21217
1105,05000US21219,12377,21219
1106,05000US21221,14286,21221
1107,05000US21223,8697,21223
1108,05000US21225,14915,21225
1109,05000US21227,123824,21227
1110,05000US21229,11999,21229
1111,05000US21231,20692,21231
1112,05000US21233,13180,21233
1113,05000US21235,36027,21235
1114,05000US21237,7251,21237
1115,05000US21239,25817,21239
1116,05000US22001,62607,22001
1117,05000US22003,25667,22003
1118,05000US22005,119129,22005
1119,05000US22007,22881,22007
1120,05000US22009,41095,22009
1121,05000US22011,36598,22011
1122,05000US22013,13806,22013
1123,05000US22015,125698,22015
1124,05000US22017,251069,22017
1125,05000US22019,198753,22019
1126,05000US22021,10000,22021
1127,05000US22023,6806,22023
1128,05000US22025,10044,22025
1129,05000US22027,16296,22027
1130,05000US22029,20211,22029
1131,05000US22031,27164,22031
1132,05000US22033,446167,22033
1133,05000US22035,7318,22035
1134,05000US22037,19553,22037
1135,05000US22039,33750,22039
1136,05000US22041,20388,22041
1137,05000US22043,22305,22043
1138,05000US22045,73346,22045
1139,05000US22047,33122,22047
1140,05000US22049,15952,22049
1141,05000US22051,437038,22051
1142,05000US22053,31405,22053
1143,05000US22055,238230,22055
1144,05000US22057,98112,22057
1145,05000US22059,14930,22059
1146,05000US22061,47536,22061
1147,05000US22063,137096,22063
1148,05000US22065,11616,22065
1149,05000US22067,26290,22067
1150,05000US22069,39051,22069
1151,05000US22071,388182,22071
1152,05000US22073,156433,22073
1153,05000US22075,23394,22075
1154,05000US22077,22271,22077
1155,05000US22079,132080,22079
1156,05000US22081,8723,22081
1157,05000US22083,20619,22083
1158,05000US22085,24145,22085
1159,05000US22087,45067,22087
1160,05000US22089,52728,22089
1161,05000US22091,10509,22091
1162,05000US22093,21485,22093
1163,05000US22095,43565,22095
1164,05000US22097,83580,22097
1165,05000US22099,53609,22099
1166,05000US22101,52578,22101
1167,05000US22103,249201,22103
1168,05000US22105,128850,22105
1169,05000US22107,4771,22107
1170,05000US22109,113067,22109
1171,05000US22111,22537,22111
1172,05000US22113,59841,22113
1173,05000US22115,51906,22115
1174,05000US22117,46449,22117
1175,05000US22119,40043,22119
1176,05000US22121,25518,22121
1177,05000US22123,11274,22123
1178,05000US22125,15376,22125
1179,05000US22127,14631,22127
1180,05000US23001,107317,23001
1181,05000US23003,68840,23003
1182,05000US23005,289173,23005
1183,05000US23007,30177,23007
1184,05000US23009,54468,23009
1185,05000US23011,121289,23011
1186,05000US23013,39700,23013
1187,05000US23015,34021,23015
1188,05000US23017,57230,23017
1189,05000US23019,152284,23019
1190,05000US23021,16960,23021
1191,05000US23023,35149,23023
1192,05000US23025,50994,23025
1193,05000US23027,39280,23027
1194,05000US23029,31822,23029
1195,05000US23031,201454,23031
1196,05000US24001,72591,24001
1197,05000US24003,564600,24003
1198,05000US24005,828637,24005
1199,05000US24009,90824,24009
1200,05000US24011,32785,24011
1201,05000US24013,167319,24013
1202,05000US24015,102416,24015
1203,05000US24017,156021,24017
1204,05000US24019,32386,24019
1205,05000US24021,246105,24021
1206,05000US24023,29516,24023
1207,05000US24025,250132,24025
1208,05000US24027,312495,24027
1209,05000US24029,19666,24029
1210,05000US24031,1039198,24031
1211,05000US24033,905161,24033
1212,05000US24035,49071,24035
1213,05000US24037,110979,24037
1214,05000US24039,25801,24039
1215,05000US24041,37461,24041
1216,05000US24043,149546,24043
1217,05000US24045,102014,24045
1218,05000US24047,51559,24047
1219,05000US24510,619796,24510
1220,05000US25001,213900,25001
1221,05000US25003,127751,25003
1222,05000US25005,557016,25005
1223,05000US25007,17275,25007
1224,05000US25009,775860,25009
1225,05000US25011,70926,25011
1226,05000US25013,469188,25013
1227,05000US25015,161197,25015
1228,05000US25017,1582857,25017
1229,05000US25019,10912,25019
1230,05000US25021,694389,25021
1231,05000US25023,509114,25023
1232,05000US25025,780685,25025
1233,05000US25027,818249,25027
1234,05000US26001,10413,26001
1235,05000US26003,9254,26003
1236,05000US26005,114145,26005
1237,05000US26007,28730,26007
1238,05000US26009,23133,26009
1239,05000US26011,15238,26011
1240,05000US26013,8580,26013
1241,05000US26015,59607,26015
1242,05000US26017,105350,26017
1243,05000US26019,17462,26019
1244,05000US26021,154948,26021
1245,05000US26023,43543,26023
1246,05000US26025,134327,26025
1247,05000US26027,51397,26027
1248,05000US26029,26160,26029
1249,05000US26031,25475,26031
1250,05000US26033,38023,26033
1251,05000US26035,30597,26035
1252,05000US26037,77321,26037
1253,05000US26039,13821,26039
1254,05000US26041,36395,26041
1255,05000US26043,25694,26043
1256,05000US26045,108586,26045
1257,05000US26047,32978,26047
1258,05000US26049,410881,26049
1259,05000US26051,25324,26051
1260,05000US26053,15577,26053
1261,05000US26055,91222,26055
1262,05000US26057,41319,26057
1263,05000US26059,45909,26059
1264,05000US26061,36333,26061
1265,05000US26063,31750,26063
1266,05000US26065,286185,26065
1267,05000US26067,64147,26067
1268,05000US26069,25317,26069
1269,05000US26071,11291,26071
1270,05000US26073,70572,26073
1271,05000US26075,158989,26075
1272,05000US26077,259830,26077
1273,05000US26079,17358,26079
1274,05000US26081,636376,26081
1275,05000US26083,2136,26083
1276,05000US26085,11669,26085
1277,05000US26087,88205,26087
1278,05000US26089,21564,26089
1279,05000US26091,98585,26091
1280,05000US26093,186946,26093
1281,05000US26095,6406,26095
1282,05000US26097,10836,26097
1283,05000US26099,864019,26099
1284,05000US26101,24432,26101
1285,05000US26103,67145,26103
1286,05000US26105,28800,26105
1287,05000US26107,43181,26107
1288,05000US26109,23389,26109
1289,05000US26111,83489,26111
1290,05000US26113,14982,26113
1291,05000US26115,149619,26115
1292,05000US26117,62956,26117
1293,05000US26119,9290,26119
1294,05000US26121,172707,26121
1295,05000US26123,47899,26123
1296,05000US26125,1241860,26125
1297,05000US26127,26317,26127
1298,05000US26129,20979,26129
1299,05000US26131,6072,26131
1300,05000US26133,23221,26133
1301,05000US26135,8304,26135
1302,05000US26137,24247,26137
1303,05000US26139,280243,26139
1304,05000US26141,12854,26141
1305,05000US26143,23934,26143
1306,05000US26145,193803,26145
1307,05000US26147,159761,26147
1308,05000US26149,60890,26149
1309,05000US26151,41535,26151
1310,05000US26153,8114,26153
1311,05000US26155,68617,26155
1312,05000US26157,53569,26157
1313,05000US26159,75190,26159
1314,05000US26161,361509,26161
1315,05000US26163,1763822,26163
1316,05000US26165,32915,26165
1317,05000US27001,15841,27001
1318,05000US27003,344861,27003
1319,05000US27005,33552,27005
1320,05000US27007,45847,27007
1321,05000US27009,39360,27009
1322,05000US27011,5039,27011
1323,05000US27013,65767,27013
1324,05000US27015,25243,27015
1325,05000US27017,35408,27017
1326,05000US27019,98799,27019
1327,05000US27021,28810,27021
1328,05000US27023,12040,27023
1329,05000US27025,54297,27025
1330,05000US27027,62040,27027
1331,05000US27029,8824,27029
1332,05000US27031,5270,27031
1333,05000US27033,11437,27033
1334,05000US27035,63505,27035
1335,05000US27037,414655,27037
1336,05000US27039,20485,27039
1337,05000US27041,36891,27041
1338,05000US27043,13966,27043
1339,05000US27045,20825,27045
1340,05000US27047,30619,27047
1341,05000US27049,46138,27049
1342,05000US27051,5923,27051
1343,05000US27053,1224763,27053
1344,05000US27055,18709,27055
1345,05000US27057,20743,27057
1346,05000US27059,38584,27059
1347,05000US27061,45237,27061
1348,05000US27063,10104,27063
1349,05000US27065,15948,27065
1350,05000US27067,42577,27067
1351,05000US27069,4384,27069
1352,05000US27071,12776,27071
1353,05000US27073,6840,27073
1354,05000US27075,10578,27075
1355,05000US27077,3841,27077
1356,05000US27079,27810,27079
1357,05000US27081,5724,27081
1358,05000US27083,25789,27083
1359,05000US27085,35816,27085
1360,05000US27087,5500,27087
1361,05000US27089,9397,27089
1362,05000US27091,20084,27091
1363,05000US27093,23105,27093
1364,05000US27095,25635,27095
1365,05000US27097,32880,27097
1366,05000US27099,39386,27099
1367,05000US27101,8394,27101
1368,05000US27103,33477,27103
1369,05000US27105,21854,27105
1370,05000US27107,6589,27107
1371,05000US27109,151685,27109
1372,05000US27111,57790,27111
1373,05000US27113,14197,27113
1374,05000US27115,29057,27115
1375,05000US27117,9229,27117
1376,05000US27119,31564,27119
1377,05000US27121,10932,27121
1378,05000US27123,537893,27123
1379,05000US27125,4017,27125
1380,05000US27127,15430,27127
1381,05000US27129,14798,27129
1382,05000US27131,65251,27131
1383,05000US27133,9433,27133
1384,05000US27135,15537,27135
1385,05000US27137,200294,27137
1386,05000US27139,141463,27139
1387,05000US27141,92024,27141
1388,05000US27143,14888,27143
1389,05000US27145,155300,27145
1390,05000US27147,36612,27147
1391,05000US27149,9759,27149
1392,05000US27151,9448,27151
1393,05000US27153,24423,27153
1394,05000US27155,3357,27155
1395,05000US27157,21490,27157
1396,05000US27159,13626,27159
1397,05000US27161,18898,27161
1398,05000US27163,250979,27163
1399,05000US27165,10936,27165
1400,05000US27167,6398,27167
1401,05000US27169,50992,27169
1402,05000US27171,131130,27171
1403,05000US27173,9930,27173
1404,05000US28001,31583,28001
1405,05000US28003,37242,28003
1406,05000US28005,12574,28005
1407,05000US28007,18731,28007
1408,05000US28009,8306,28009
1409,05000US28011,33121,28011
1410,05000US28013,14617,28013
1411,05000US28015,10221,28015
1412,05000US28017,17305,28017
1413,05000US28019,8360,28019
1414,05000US28021,9106,28021
1415,05000US28023,16089,28023
1416,05000US28025,19990,28025
1417,05000US28027,24296,28027
1418,05000US28029,28748,28029
1419,05000US28031,19172,28031
1420,05000US28033,173267,28033
1421,05000US28035,75835,28035
1422,05000US28037,7772,28037
1423,05000US28039,23545,28039
1424,05000US28041,13801,28041
1425,05000US28043,21379,28043
1426,05000US28045,46277,28045
1427,05000US28047,200491,28047
1428,05000US28049,243249,28049
1429,05000US28051,18267,28051
1430,05000US28053,8678,28053
1431,05000US28055,1296,28055
1432,05000US28057,23439,28057
1433,05000US28059,141314,28059
1434,05000US28061,16547,28061
1435,05000US28063,7463,28063
1436,05000US28065,11639,28065
1437,05000US28067,68328,28067
1438,05000US28069,10082,28069
1439,05000US28071,52744,28071
1440,05000US28073,60517,28073
1441,05000US28075,78221,28075
1442,05000US28077,12659,28077
1443,05000US28079,22936,28079
1444,05000US28081,84840,28081
1445,05000US28083,30113,28083
1446,05000US28085,34542,28085
1447,05000US28087,59558,28087
1448,05000US28089,102212,28089
1449,05000US28091,25466,28091
1450,05000US28093,35981,28093
1451,05000US28095,35967,28095
1452,05000US28097,10309,28097
1453,05000US28099,29437,28099
1454,05000US28101,21437,28101
1455,05000US28103,10942,28103
1456,05000US28105,49392,28105
1457,05000US28107,34229,28107
1458,05000US28109,55049,28109
1459,05000US28111,12047,28111
1460,05000US28113,39763,28113
1461,05000US28115,31075,28115
1462,05000US28117,25389,28117
1463,05000US28119,7537,28119
1464,05000US28121,149645,28121
1465,05000US28123,28399,28123
1466,05000US28125,4631,28125
1467,05000US28127,27215,28127
1468,05000US28129,16114,28129
1469,05000US28131,17981,28131
1470,05000US28133,26915,28133
1471,05000US28135,14552,28135
1472,05000US28137,28333,28137
1473,05000US28139,21993,28139
1474,05000US28141,19476,28141
1475,05000US28143,10276,28143
1476,05000US28145,28202,28145
1477,05000US28147,14670,28147
1478,05000US28149,47510,28149
1479,05000US28151,48002,28151
1480,05000US28153,20458,28153
1481,05000US28155,9868,28155
1482,05000US28157,9084,28157
1483,05000US28159,18482,28159
1484,05000US28161,12426,28161
1485,05000US28163,27496,28163
1486,05000US29001,25437,29001
1487,05000US29003,17358,29003
1488,05000US29005,5335,29005
1489,05000US29007,25763,29007
1490,05000US29009,35398,29009
1491,05000US29011,11942,29011
1492,05000US29013,16405,29013
1493,05000US29015,18918,29015
1494,05000US29017,12347,29017
1495,05000US29019,174589,29019
1496,05000US29021,89425,29021
1497,05000US29023,42826,29023
1498,05000US29025,9046,29025
1499,05000US29027,44793,29027
1500,05000US29029,44855,29029
1501,05000US29031,78013,29031
1502,05000US29033,8909,29033
1503,05000US29035,6255,29035
1504,05000US29037,101888,29037
1505,05000US29039,13862,29039
1506,05000US29041,7586,29041
1507,05000US29043,83028,29043
1508,05000US29045,6807,29045
1509,05000US29047,236068,29047
1510,05000US29049,20495,29049
1511,05000US29051,76749,29051
1512,05000US29053,17620,29053
1513,05000US29055,24387,29055
1514,05000US29057,7581,29057
1515,05000US29059,16441,29059
1516,05000US29061,8300,29061
1517,05000US29063,12564,29063
1518,05000US29065,15566,29065
1519,05000US29067,13391,29067
1520,05000US29069,30905,29069
1521,05000US29071,102413,29071
1522,05000US29073,14769,29073
1523,05000US29075,6688,29075
1524,05000US29077,286759,29077
1525,05000US29079,10111,29079
1526,05000US29081,8615,29081
1527,05000US29083,21834,29083
1528,05000US29085,9352,29085
1529,05000US29087,4499,29087
1530,05000US29089,10144,29089
1531,05000US29091,40139,29091
1532,05000US29093,10286,29093
1533,05000US29095,688554,29095
1534,05000US29097,118522,29097
1535,05000US29099,222639,29099
1536,05000US29101,53941,29101
1537,05000US29103,3976,29103
1538,05000US29105,35488,29105
1539,05000US29107,32655,29107
1540,05000US29109,38131,29109
1541,05000US29111,10078,29111
1542,05000US29113,54800,29113
1543,05000US29115,12248,29115
1544,05000US29117,15025,29117
1545,05000US29119,22753,29119
1546,05000US29121,15319,29121
1547,05000US29123,12226,29123
1548,05000US29125,8959,29125
1549,05000US29127,28703,29127
1550,05000US29129,3669,29129
1551,05000US29131,24947,29131
1552,05000US29133,13916,29133
1553,05000US29135,15904,29135
1554,05000US29137,8676,29137
1555,05000US29139,11618,29139
1556,05000US29141,20097,29141
1557,05000US29143,18030,29143
1558,05000US29145,58237,29145
1559,05000US29147,22744,29147
1560,05000US29149,10779,29149
1561,05000US29151,13610,29151
1562,05000US29153,9328,29153
1563,05000US29155,17344,29155
1564,05000US29157,19135,29157
1565,05000US29159,42309,29159
1566,05000US29161,44873,29161
1567,05000US29163,18517,29163
1568,05000US29165,96899,29165
1569,05000US29167,31347,29167
1570,05000US29169,53132,29169
1571,05000US29171,4846,29171
1572,05000US29173,10208,29173
1573,05000US29175,24987,29175
1574,05000US29177,22859,29177
1575,05000US29179,6361,29179
1576,05000US29181,13807,29181
1577,05000US29183,385115,29183
1578,05000US29185,9396,29185
1579,05000US29186,17882,29186
1580,05000US29187,66248,29187
1581,05000US29189,999539,29189
1582,05000US29195,23010,29195
1583,05000US29197,4450,29197
1584,05000US29199,4883,29199
1585,05000US29201,38858,29201
1586,05000US29203,8273,29203
1587,05000US29205,6084,29205
1588,05000US29207,29634,29207
1589,05000US29209,31529,29209
1590,05000US29211,6382,29211
1591,05000US29213,54308,29213
1592,05000US29215,25714,29215
1593,05000US29217,20665,29217
1594,05000US29219,33554,29219
1595,05000US29221,24968,29221
1596,05000US29223,13369,29223
1597,05000US29225,37558,29225
1598,05000US29227,2053,29227
1599,05000US29229,18304,29229
1600,05000US29510,314867,29510
1601,05000US30001,9360,30001
1602,05000US30003,13290,30003
1603,05000US30005,6646,30005
1604,05000US30007,5755,30007
1605,05000US30009,10466,30009
1606,05000US30011,1320,30011
1607,05000US30013,81816,30013
1608,05000US30015,5812,30015
1609,05000US30017,11895,30017
1610,05000US30019,1788,30019
1611,05000US30021,9324,30021
1612,05000US30023,9131,30023
1613,05000US30025,2925,30025
1614,05000US30027,11327,30027
1615,05000US30029,96147,30029
1616,05000US30031,100733,30031
1617,05000US30033,1086,30033
1618,05000US30035,13677,30035
1619,05000US30037,747,30037
1620,05000US30039,3206,30039
1621,05000US30041,16468,30041
1622,05000US30043,11625,30043
1623,05000US30045,1965,30045
1624,05000US30047,29518,30047
1625,05000US30049,66290,30049
1626,05000US30051,2245,30051
1627,05000US30053,19249,30053
1628,05000US30055,1728,30055
1629,05000US30057,7902,30057
1630,05000US30059,2000,30059
1631,05000US30061,4194,30061
1632,05000US30063,114231,30063
1633,05000US30065,4766,30065
1634,05000US30067,16001,30067
1635,05000US30069,453,30069
1636,05000US30071,4139,30071
1637,05000US30073,6081,30073
1638,05000US30075,1610,30075
1639,05000US30077,6852,30077
1640,05000US30079,1325,30079
1641,05000US30081,41387,30081
1642,05000US30083,11405,30083
1643,05000US30085,11218,30085
1644,05000US30087,9292,30087
1645,05000US30089,11414,30089
1646,05000US30091,3568,30091
1647,05000US30093,34514,30093
1648,05000US30095,9342,30095
1649,05000US30097,3646,30097
1650,05000US30099,6040,30099
1651,05000US30101,5031,30101
1652,05000US30103,790,30103
1653,05000US30105,7561,30105
1654,05000US30107,2108,30107
1655,05000US30109,1121,30109
1656,05000US30111,156332,30111
1657,05000US31001,31564,31001
1658,05000US31003,6406,31003
1659,05000US31005,421,31005
1660,05000US31007,728,31007
1661,05000US31009,502,31009
1662,05000US31011,5357,31011
1663,05000US31013,11200,31013
1664,05000US31015,2049,31015
1665,05000US31017,3058,31017
1666,05000US31019,48834,31019
1667,05000US31021,6546,31021
1668,05000US31023,8105,31023
1669,05000US31025,25513,31025
1670,05000US31027,8561,31027
1671,05000US31029,3803,31029
1672,05000US31031,5792,31031
1673,05000US31033,10012,31033
1674,05000US31035,6264,31035
1675,05000US31037,10616,31037
1676,05000US31039,9039,31039
1677,05000US31041,10836,31041
1678,05000US31043,20529,31043
1679,05000US31045,8972,31045
1680,05000US31047,23925,31047
1681,05000US31049,1901,31049
1682,05000US31051,5765,31051
1683,05000US31053,36576,31053
1684,05000US31055,549706,31055
1685,05000US31057,2017,31057
1686,05000US31059,5603,31059
1687,05000US31061,3019,31061
1688,05000US31063,2624,31063
1689,05000US31065,4814,31065
1690,05000US31067,21632,31067
1691,05000US31069,1913,31069
1692,05000US31071,1958,31071
1693,05000US31073,2019,31073
1694,05000US31075,682,31075
1695,05000US31077,2436,31077
1696,05000US31079,61233,31079
1697,05000US31081,9149,31081
1698,05000US31083,3469,31083
1699,05000US31085,957,31085
1700,05000US31087,2860,31087
1701,05000US31089,10293,31089
1702,05000US31091,684,31091
1703,05000US31093,6385,31093
1704,05000US31095,7276,31095
1705,05000US31097,5200,31097
1706,05000US31099,6547,31099
1707,05000US31101,8129,31101
1708,05000US31103,720,31103
1709,05000US31105,3688,31105
1710,05000US31107,8496,31107
1711,05000US31109,306357,31109
1712,05000US31111,35569,31111
1713,05000US31113,919,31113
1714,05000US31115,537,31115
1715,05000US31117,432,31117
1716,05000US31119,35062,31119
1717,05000US31121,7829,31121
1718,05000US31123,4903,31123
1719,05000US31125,3569,31125
1720,05000US31127,7041,31127
1721,05000US31129,4318,31129
1722,05000US31131,15875,31131
1723,05000US31133,2704,31133
1724,05000US31135,2904,31135
1725,05000US31137,9163,31137
1726,05000US31139,7175,31139
1727,05000US31141,32875,31141
1728,05000US31143,5244,31143
1729,05000US31145,10870,31145
1730,05000US31147,8045,31147
1731,05000US31149,1381,31149
1732,05000US31151,14325,31151
1733,05000US31153,175188,31153
1734,05000US31155,20953,31155
1735,05000US31157,36509,31157
1736,05000US31159,17045,31159
1737,05000US31161,5241,31161
1738,05000US31163,3048,31163
1739,05000US31165,1256,31165
1740,05000US31167,6020,31167
1741,05000US31169,5133,31169
1742,05000US31171,643,31171
1743,05000US31173,7055,31173
1744,05000US31175,4252,31175
1745,05000US31177,20414,31177
1746,05000US31179,9409,31179
1747,05000US31181,3597,31181
1748,05000US31183,846,31183
1749,05000US31185,13832,31185
1750,05000US32001,24022,32001
1751,05000US32003,2112436,32003
1752,05000US32005,47632,32005
1753,05000US32007,52377,32007
1754,05000US32009,1102,32009
1755,05000US32011,1728,32011
1756,05000US32013,17088,32013
1757,05000US32015,5887,32015
1758,05000US32017,5203,32017
1759,05000US32019,52303,32019
1760,05000US32021,4471,32021
1761,05000US32023,43296,32023
1762,05000US32027,6661,32027
1763,05000US32029,3891,32029
1764,05000US32031,445551,32031
1765,05000US32033,9858,32033
1766,05000US32510,54219,32510
1767,05000US33001,60383,33001
1768,05000US33003,47524,33003
1769,05000US33005,76109,33005
1770,05000US33007,32119,33007
1771,05000US33009,89280,33009
1772,05000US33011,406371,33011
1773,05000US33013,147958,33013
1774,05000US33015,302479,33015
1775,05000US33017,126552,33017
1776,05000US33019,43073,33019
1777,05000US34001,272926,34001
1778,05000US34003,937920,34003
1779,05000US34005,449192,34005
1780,05000US34007,510996,34007
1781,05000US34009,94549,34009
1782,05000US34011,154952,34011
1783,05000US34013,800401,34013
1784,05000US34015,291372,34015
1785,05000US34017,679756,34017
1786,05000US34019,125717,34019
1787,05000US34021,373362,34021
1788,05000US34023,837288,34023
1789,05000US34025,627551,34025
1790,05000US34027,498847,34027
1791,05000US34029,589699,34029
1792,05000US34031,510563,34031
1793,05000US34033,63776,34033
1794,05000US34035,333316,34035
1795,05000US34037,143570,34037
1796,05000US34039,557320,34039
1797,05000US34041,107088,34041
1798,05000US35001,674855,35001
1799,05000US35003,3547,35003
1800,05000US35005,65454,35005
1801,05000US35006,27049,35006
1802,05000US35007,12522,35007
1803,05000US35009,50283,35009
1804,05000US35011,2016,35011
1805,05000US35013,213849,35013
1806,05000US35015,56793,35015
1807,05000US35017,28382,35017
1808,05000US35019,4426,35019
1809,05000US35021,546,35021
1810,05000US35023,4446,35023
1811,05000US35025,69505,35025
1812,05000US35027,19497,35027
1813,05000US35028,18031,35028
1814,05000US35029,24319,35029
1815,05000US35031,72849,35031
1816,05000US35033,4605,35033
1817,05000US35035,65130,35035
1818,05000US35037,8447,35037
1819,05000US35039,39455,35039
1820,05000US35041,19313,35041
1821,05000US35043,138815,35043
1822,05000US35045,128221,35045
1823,05000US35047,28203,35047
1824,05000US35049,147514,35049
1825,05000US35051,11254,35051
1826,05000US35053,17098,35053
1827,05000US35055,32809,35055
1828,05000US35057,15534,35057
1829,05000US35059,4216,35059
1830,05000US35061,75845,35061
1831,05000US36001,308580,36001
1832,05000US36003,47400,36003
1833,05000US36005,1455846,36005
1834,05000US36007,196124,36007
1835,05000US36009,78175,36009
1836,05000US36011,78319,36011
1837,05000US36013,130846,36013
1838,05000US36015,86883,36015
1839,05000US36017,48763,36017
1840,05000US36019,81224,36019
1841,05000US36021,61481,36021
1842,05000US36023,48334,36023
1843,05000US36025,45950,36025
1844,05000US36027,295685,36027
1845,05000US36029,923995,36029
1846,05000US36031,38233,36031
1847,05000US36033,51054,36033
1848,05000US36035,53955,36035
1849,05000US36037,58537,36037
1850,05000US36039,47791,36039
1851,05000US36041,4646,36041
1852,05000US36043,62943,36043
1853,05000US36045,116567,36045
1854,05000US36047,2635121,36047
1855,05000US36049,26845,36049
1856,05000US36051,64373,36051
1857,05000US36053,71760,36053
1858,05000US36055,748680,36055
1859,05000US36057,49500,36057
1860,05000US36059,1363069,36059
1861,05000US36061,1653877,36061
1862,05000US36063,212675,36063
1863,05000US36065,232324,36065
1864,05000US36067,467669,36067
1865,05000US36069,109491,36069
1866,05000US36071,378174,36071
1867,05000US36073,41584,36073
1868,05000US36075,119833,36075
1869,05000US36077,60750,36077
1870,05000US36079,99464,36079
1871,05000US36081,2339280,36081
1872,05000US36083,159800,36083
1873,05000US36085,475948,36085
1874,05000US36087,325027,36087
1875,05000US36089,110817,36089
1876,05000US36091,226632,36091
1877,05000US36093,155239,36093
1878,05000US36095,31611,36095
1879,05000US36097,18112,36097
1880,05000US36099,34843,36099
1881,05000US36101,97539,36101
1882,05000US36103,1497595,36103
1883,05000US36105,75783,36105
1884,05000US36107,49322,36107
1885,05000US36109,104415,36109
1886,05000US36111,180129,36111
1887,05000US36113,64701,36113
1888,05000US36115,62183,36115
1889,05000US36117,91442,36117
1890,05000US36119,975321,36119
1891,05000US36121,40886,36121
1892,05000US36123,25083,36123
1893,05000US37001,157844,37001
1894,05000US37003,37159,37003
1895,05000US37005,10935,37005
1896,05000US37007,25531,37007
1897,05000US37009,26833,37009
1898,05000US37011,17535,37011
1899,05000US37013,47316,37013
1900,05000US37015,19913,37015
1901,05000US37017,34130,37017
1902,05000US37019,122586,37019
1903,05000US37021,252268,37021
1904,05000US37023,88898,37023
1905,05000US37025,196716,37025
1906,05000US37027,81805,37027
1907,05000US37029,10336,37029
1908,05000US37031,68699,37031
1909,05000US37033,22833,37033
1910,05000US37035,156182,37035
1911,05000US37037,68364,37037
1912,05000US37039,27463,37039
1913,05000US37041,14370,37041
1914,05000US37043,10753,37043
1915,05000US37045,97038,37045
1916,05000US37047,56589,37047
1917,05000US37049,103374,37049
1918,05000US37051,332766,37051
1919,05000US37053,25247,37053
1920,05000US37055,35412,37055
1921,05000US37057,164118,37057
1922,05000US37059,41766,37059
1923,05000US37061,59350,37061
1924,05000US37063,300865,37063
1925,05000US37065,54032,37065
1926,05000US37067,368362,37067
1927,05000US37069,63866,37069
1928,05000US37071,214049,37071
1929,05000US37073,11601,37073
1930,05000US37075,8607,37075
1931,05000US37077,58503,37077
1932,05000US37079,21059,37079
1933,05000US37081,517197,37081
1934,05000US37083,52300,37083
1935,05000US37085,128753,37085
1936,05000US37087,59854,37087
1937,05000US37089,112156,37089
1938,05000US37091,24262,37091
1939,05000US37093,52571,37093
1940,05000US37095,5507,37095
1941,05000US37097,169798,37097
1942,05000US37099,41725,37099
1943,05000US37101,186308,37101
1944,05000US37103,9776,37103
1945,05000US37105,59805,37105
1946,05000US37107,57934,37107
1947,05000US37109,80504,37109
1948,05000US37111,45069,37111
1949,05000US37113,34160,37113
1950,05000US37115,21347,37115
1951,05000US37117,23227,37117
1952,05000US37119,1034290,37119
1953,05000US37121,15155,37121
1954,05000US37123,27445,37123
1955,05000US37125,94191,37125
1956,05000US37127,94125,37127
1957,05000US37129,219866,37129
1958,05000US37131,20426,37131
1959,05000US37133,192685,37133
1960,05000US37135,141812,37135
1961,05000US37137,12803,37137
1962,05000US37139,39546,37139
1963,05000US37141,57630,37141
1964,05000US37143,13506,37143
1965,05000US37145,39240,37145
1966,05000US37147,176484,37147
1967,05000US37149,20434,37149
1968,05000US37151,142827,37151
1969,05000US37153,45447,37153
1970,05000US37155,134187,37155
1971,05000US37157,91566,37157
1972,05000US37159,138940,37159
1973,05000US37161,66523,37161
1974,05000US37163,63664,37163
1975,05000US37165,35445,37165
1976,05000US37167,60875,37167
1977,05000US37169,46124,37169
1978,05000US37171,72315,37171
1979,05000US37173,14208,37173
1980,05000US37175,33291,37175
1981,05000US37177,4090,37177
1982,05000US37179,222095,37179
1983,05000US37181,44420,37181
1984,05000US37183,1023811,37183
1985,05000US37185,20190,37185
1986,05000US37187,12331,37187
1987,05000US37189,53421,37189
1988,05000US37191,124496,37191
1989,05000US37193,68525,37193
1990,05000US37195,81379,37195
1991,05000US37197,37825,37197
1992,05000US37199,17605,37199
1993,05000US38001,2368,38001
1994,05000US38003,10971,38003
1995,05000US38005,6875,38005
1996,05000US38007,983,38007
1997,05000US38009,6651,38009
1998,05000US38011,3226,38011
1999,05000US38013,2253,38013
2000,05000US38015,92372,38015
2001,05000US38017,170620,38017
2002,05000US38019,3817,38019
2003,05000US38021,5041,38021
2004,05000US38023,2378,38023
2005,05000US38025,4349,38025
2006,05000US38027,2321,38027
2007,05000US38029,3389,38029
2008,05000US38031,3318,38031
2009,05000US38033,1892,38033
2010,05000US38035,70130,38035
2011,05000US38037,2387,38037
2012,05000US38039,2276,38039
2013,05000US38041,2601,38041
2014,05000US38043,2457,38043
2015,05000US38045,4106,38045
2016,05000US38047,1932,38047
2017,05000US38049,5951,38049
2018,05000US38051,2680,38051
2019,05000US38053,11679,38053
2020,05000US38055,9607,38055
2021,05000US38057,8637,38057
2022,05000US38059,30059,38059
2023,05000US38061,9986,38061
2024,05000US38063,2971,38063
2025,05000US38065,1822,38065
2026,05000US38067,7050,38067
2027,05000US38069,4272,38069
2028,05000US38071,11574,38071
2029,05000US38073,5411,38073
2030,05000US38075,2543,38075
2031,05000US38077,16333,38077
2032,05000US38079,14657,38079
2033,05000US38081,3883,38081
2034,05000US38083,1403,38083
2035,05000US38085,4420,38085
2036,05000US38087,674,38087
2037,05000US38089,30316,38089
2038,05000US38091,1915,38091
2039,05000US38093,21058,38093
2040,05000US38095,2258,38095
2041,05000US38097,8050,38097
2042,05000US38099,10920,38099
2043,05000US38101,69628,38101
2044,05000US38103,4089,38103
2045,05000US38105,32916,38105
2046,05000US39001,27926,39001
2047,05000US39003,104157,39003
2048,05000US39005,53299,39005
2049,05000US39007,98622,39007
2050,05000US39009,65563,39009
2051,05000US39011,45778,39011
2052,05000US39013,68889,39013
2053,05000US39015,43799,39015
2054,05000US39017,375702,39017
2055,05000US39019,27825,39019
2056,05000US39021,39005,39021
2057,05000US39023,135520,39023
2058,05000US39025,202166,39025
2059,05000US39027,41869,39027
2060,05000US39029,104584,39029
2061,05000US39031,36602,39031
2062,05000US39033,42231,39033
2063,05000US39035,1257401,39035
2064,05000US39037,51919,39037
2065,05000US39039,38311,39039
2066,05000US39041,193024,39041
2067,05000US39043,75369,39043
2068,05000US39045,151526,39045
2069,05000US39047,28659,39047
2070,05000US39049,1253507,39049
2071,05000US39051,42296,39051
2072,05000US39053,30203,39053
2073,05000US39055,93895,39055
2074,05000US39057,164825,39057
2075,05000US39059,39414,39059
2076,05000US39061,808703,39061
2077,05000US39063,75508,39063
2078,05000US39065,31576,39065
2079,05000US39067,15397,39067
2080,05000US39069,27463,39069
2081,05000US39071,43031,39071
2082,05000US39073,28547,39073
2083,05000US39075,43808,39075
2084,05000US39077,58497,39077
2085,05000US39079,32624,39079
2086,05000US39081,67349,39081
2087,05000US39083,60945,39083
2088,05000US39085,229701,39085
2089,05000US39087,61057,39087
2090,05000US39089,170678,39089
2091,05000US39091,45323,39091
2092,05000US39093,305405,39093
2093,05000US39095,433404,39095
2094,05000US39097,43732,39097
2095,05000US39099,231857,39099
2096,05000US39101,65483,39101
2097,05000US39103,176362,39103
2098,05000US39105,23234,39105
2099,05000US39107,40723,39107
2100,05000US39109,104081,39109
2101,05000US39111,14239,39111
2102,05000US39113,531987,39113
2103,05000US39115,14773,39115
2104,05000US39117,34935,39117
2105,05000US39119,85933,39119
2106,05000US39121,14498,39121
2107,05000US39123,40769,39123
2108,05000US39125,18951,39125
2109,05000US39127,35983,39127
2110,05000US39129,57075,39129
2111,05000US39131,28291,39131
2112,05000US39133,162080,39133
2113,05000US39135,41328,39135
2114,05000US39137,34037,39137
2115,05000US39139,121533,39139
2116,05000US39141,77125,39141
2117,05000US39143,59559,39143
2118,05000US39145,76871,39145
2119,05000US39147,55549,39147
2120,05000US39149,48902,39149
2121,05000US39151,374273,39151
2122,05000US39153,541318,39153
2123,05000US39155,203341,39155
2124,05000US39157,92531,39157
2125,05000US39159,54688,39159
2126,05000US39161,28262,39161
2127,05000US39163,13142,39163
2128,05000US39165,223868,39165
2129,05000US39167,60871,39167
2130,05000US39169,115915,39169
2131,05000US39171,37061,39171
2132,05000US39173,129504,39173
2133,05000US39175,22190,39175
2134,05000US40001,22136,40001
2135,05000US40003,5877,40003
2136,05000US40005,13899,40005
2137,05000US40007,5445,40007
2138,05000US40009,22971,40009
2139,05000US40011,9680,40011
2140,05000US40013,45068,40013
2141,05000US40015,29437,40015
2142,05000US40017,132922,40017
2143,05000US40019,48407,40019
2144,05000US40021,48404,40021
2145,05000US40023,14979,40023
2146,05000US40025,2221,40025
2147,05000US40027,274024,40027
2148,05000US40029,5666,40029
2149,05000US40031,123066,40031
2150,05000US40033,6000,40033
2151,05000US40035,14563,40035
2152,05000US40037,70899,40037
2153,05000US40039,29169,40039
2154,05000US40041,41878,40041
2155,05000US40043,4904,40043
2156,05000US40045,4102,40045
2157,05000US40047,62421,40047
2158,05000US40049,27751,40049
2159,05000US40051,54351,40051
2160,05000US40053,4458,40053
2161,05000US40055,6018,40055
2162,05000US40057,2758,40057
2163,05000US40059,3843,40059
2164,05000US40061,12746,40061
2165,05000US40063,13519,40063
2166,05000US40065,25574,40065
2167,05000US40067,6270,40067
2168,05000US40069,11039,40069
2169,05000US40071,45173,40071
2170,05000US40073,15510,40073
2171,05000US40075,9127,40075
2172,05000US40077,10621,40077
2173,05000US40079,49860,40079
2174,05000US40081,34759,40081
2175,05000US40083,45326,40083
2176,05000US40085,9843,40085
2177,05000US40087,37919,40087
2178,05000US40089,33026,40089
2179,05000US40091,19874,40091
2180,05000US40093,7730,40093
2181,05000US40095,16226,40095
2182,05000US40097,40929,40097
2183,05000US40099,13797,40099
2184,05000US40101,69471,40101
2185,05000US40103,11421,40103
2186,05000US40105,10448,40105
2187,05000US40107,12160,40107
2188,05000US40109,774203,40109
2189,05000US40111,39121,40111
2190,05000US40113,47350,40113
2191,05000US40115,31725,40115
2192,05000US40117,16448,40117
2193,05000US40119,80634,40119
2194,05000US40121,44673,40121
2195,05000US40123,38289,40123
2196,05000US40125,71614,40125
2197,05000US40127,11132,40127
2198,05000US40129,3734,40129
2199,05000US40131,90098,40131
2200,05000US40133,25246,40133
2201,05000US40135,41364,40135
2202,05000US40137,44293,40137
2203,05000US40139,21409,40139
2204,05000US40141,7591,40141
2205,05000US40143,637123,40143
2206,05000US40145,76830,40145
2207,05000US40147,51867,40147
2208,05000US40149,11550,40149
2209,05000US40151,9132,40151
2210,05000US40153,21140,40153
2211,05000US41001,15980,41001
2212,05000US41003,88249,41003
2213,05000US41005,399962,41005
2214,05000US41007,38021,41007
2215,05000US41009,50207,41009
2216,05000US41011,62921,41011
2217,05000US41013,21717,41013
2218,05000US41015,22377,41015
2219,05000US41017,175321,41017
2220,05000US41019,107576,41019
2221,05000US41021,1910,41021
2222,05000US41023,7209,41023
2223,05000US41025,7195,41025
2224,05000US41027,22938,41027
2225,05000US41029,212070,41029
2226,05000US41031,22707,41031
2227,05000US41033,84514,41033
2228,05000US41035,66018,41035
2229,05000US41037,7807,41037
2230,05000US41039,363471,41039
2231,05000US41041,47307,41041
2232,05000US41043,121074,41043
2233,05000US41045,30421,41045
2234,05000US41047,330453,41047
2235,05000US41049,11153,41049
2236,05000US41051,788459,41051
2237,05000US41053,79666,41053
2238,05000US41055,1635,41055
2239,05000US41057,25840,41057
2240,05000US41059,76736,41059
2241,05000US41061,25810,41061
2242,05000US41063,6864,41063
2243,05000US41065,25687,41065
2244,05000US41067,572071,41067
2245,05000US41069,1415,41069
2246,05000US41071,102366,41071
2247,05000US42001,101589,42001
2248,05000US42003,1229605,42003
2249,05000US42005,66737,42005
2250,05000US42007,168161,42007
2251,05000US42009,48891,42009
2252,05000US42011,415500,42011
2253,05000US42013,124736,42013
2254,05000US42015,61546,42015
2255,05000US42017,626486,42017
2256,05000US42019,185984,42019
2257,05000US42021,135871,42021
2258,05000US42023,4754,42023
2259,05000US42025,63987,42025
2260,05000US42027,160646,42027
2261,05000US42029,514652,42029
2262,05000US42031,38747,42031
2263,05000US42033,80539,42033
2264,05000US42035,39321,42035
2265,05000US42037,66615,42037
2266,05000US42039,86847,42039
2267,05000US42041,245801,42041
2268,05000US42043,273329,42043
2269,05000US42045,563384,42045
2270,05000US42047,30781,42047
2271,05000US42049,277794,42049
2272,05000US42051,133160,42051
2273,05000US42053,7388,42053
2274,05000US42055,153003,42055
2275,05000US42057,14631,42057
2276,05000US42059,37338,42059
2277,05000US42061,45686,42061
2278,05000US42063,86551,42063
2279,05000US42065,44258,42065
2280,05000US42067,24448,42067
2281,05000US42069,211960,42069
2282,05000US42071,536494,42071
2283,05000US42073,88231,42073
2284,05000US42075,137616,42075
2285,05000US42077,360774,42077
2286,05000US42079,318222,42079
2287,05000US42081,115398,42081
2288,05000US42083,42070,42083
2289,05000US42085,113623,42085
2290,05000US42087,46452,42087
2291,05000US42089,167306,42089
2292,05000US42091,818677,42091
2293,05000US42093,18302,42093
2294,05000US42095,300941,42095
2295,05000US42097,93038,42097
2296,05000US42099,45878,42099
2297,05000US42101,1569657,42101
2298,05000US42103,55687,42103
2299,05000US42105,17070,42105
2300,05000US42107,144287,42107
2301,05000US42109,40570,42109
2302,05000US42111,75619,42111
2303,05000US42113,6192,42113
2304,05000US42115,41716,42115
2305,05000US42117,41550,42117
2306,05000US42119,45056,42119
2307,05000US42121,52880,42121
2308,05000US42123,40345,42123
2309,05000US42125,207661,42125
2310,05000US42127,51656,42127
2311,05000US42129,356835,42129
2312,05000US42131,27760,42131
2313,05000US42133,442216,42133
2314,05000US44001,49028,44001
2315,05000US44003,164012,44003
2316,05000US44005,83204,44005
2317,05000US44007,633704,44007
2318,05000US44009,126190,44009
2319,05000US45001,24788,45001
2320,05000US45003,165707,45003
2321,05000US45005,9402,45005
2322,05000US45007,194174,45007
2323,05000US45009,14842,45009
2324,05000US45011,21788,45011
2325,05000US45013,179316,45013
2326,05000US45015,204632,45015
2327,05000US45017,14808,45017
2328,05000US45019,387847,45019
2329,05000US45021,56549,45021
2330,05000US45023,32424,45023
2331,05000US45025,46127,45025
2332,05000US45027,34156,45027
2333,05000US45029,37581,45029
2334,05000US45031,67572,45031
2335,05000US45033,31073,45033
2336,05000US45035,151716,45035
2337,05000US45037,26620,45037
2338,05000US45039,22868,45039
2339,05000US45041,138537,45041
2340,05000US45043,61065,45043
2341,05000US45045,490332,45045
2342,05000US45047,69981,45047
2343,05000US45049,20066,45049
2344,05000US45051,310186,45051
2345,05000US45053,27465,45053
2346,05000US45055,63734,45055
2347,05000US45057,86544,45057
2348,05000US45059,66508,45059
2349,05000US45061,17897,45061
2350,05000US45063,281870,45063
2351,05000US45065,9694,45065
2352,05000US45067,31765,45067
2353,05000US45069,27505,45069
2354,05000US45071,37914,45071
2355,05000US45073,75926,45073
2356,05000US45075,89116,45075
2357,05000US45077,121449,45077
2358,05000US45079,404869,45079
2359,05000US45081,20228,45081
2360,05000US45083,297732,45083
2361,05000US45085,107379,45085
2362,05000US45087,27772,45087
2363,05000US45089,32256,45089
2364,05000US45091,251664,45091
2365,05000US46003,2739,46003
2366,05000US46005,18163,46005
2367,05000US46007,3440,46007
2368,05000US46009,6972,46009
2369,05000US46011,33697,46011
2370,05000US46013,38637,46013
2371,05000US46015,5280,46015
2372,05000US46017,2048,46017
2373,05000US46019,10194,46019
2374,05000US46021,1443,46021
2375,05000US46023,9319,46023
2376,05000US46025,3642,46025
2377,05000US46027,13907,46027
2378,05000US46029,27963,46029
2379,05000US46031,4177,46031
2380,05000US46033,8519,46033
2381,05000US46035,19753,46035
2382,05000US46037,5524,46037
2383,05000US46039,4282,46039
2384,05000US46041,5709,46041
2385,05000US46043,2940,46043
2386,05000US46045,3971,46045
2387,05000US46047,6783,46047
2388,05000US46049,2327,46049
2389,05000US46051,7133,46051
2390,05000US46053,4209,46053
2391,05000US46055,2084,46055
2392,05000US46057,5911,46057
2393,05000US46059,3303,46059
2394,05000US46061,3404,46061
2395,05000US46063,1281,46063
2396,05000US46065,17572,46065
2397,05000US46067,7277,46067
2398,05000US46069,1373,46069
2399,05000US46071,3275,46071
2400,05000US46073,2034,46073
2401,05000US46075,740,46075
2402,05000US46077,5000,46077
2403,05000US46079,12350,46079
2404,05000US46081,25018,46081
2405,05000US46083,53147,46083
2406,05000US46085,3882,46085
2407,05000US46087,5515,46087
2408,05000US46089,2366,46089
2409,05000US46091,4759,46091
2410,05000US46093,27066,46093
2411,05000US46095,2062,46095
2412,05000US46097,2255,46097
2413,05000US46099,183660,46099
2414,05000US46101,6496,46101
2415,05000US46102,14291,46102
2416,05000US46103,108126,46103
2417,05000US46105,2964,46105
2418,05000US46107,2318,46107
2419,05000US46109,10250,46109
2420,05000US46111,2366,46111
2421,05000US46115,6478,46115
2422,05000US46117,2994,46117
2423,05000US46119,1390,46119
2424,05000US46121,10016,46121
2425,05000US46123,5480,46123
2426,05000US46125,8242,46125
2427,05000US46127,14929,46127
2428,05000US46129,5502,46129
2429,05000US46135,22660,46135
2430,05000US46137,2837,46137
2431,05000US47001,75538,47001
2432,05000US47003,46854,47003
2433,05000US47005,16154,47005
2434,05000US47007,14413,47007
2435,05000US47009,127135,47009
2436,05000US47011,103666,47011
2437,05000US47013,39824,47013
2438,05000US47015,13839,47015
2439,05000US47017,28137,47017
2440,05000US47019,56500,47019
2441,05000US47021,39713,47021
2442,05000US47023,17097,47023
2443,05000US47025,31566,47025
2444,05000US47027,7684,47027
2445,05000US47029,35262,47029
2446,05000US47031,54074,47031
2447,05000US47033,14554,47033
2448,05000US47035,58178,47035
2449,05000US47037,678322,47037
2450,05000US47039,11681,47039
2451,05000US47041,19380,47041
2452,05000US47043,51341,47043
2453,05000US47045,37751,47045
2454,05000US47047,39336,47047
2455,05000US47049,17940,47049
2456,05000US47051,41397,47051
2457,05000US47053,49222,47053
2458,05000US47055,29024,47055
2459,05000US47057,22942,47057
2460,05000US47059,68520,47059
2461,05000US47061,13359,47061
2462,05000US47063,63465,47063
2463,05000US47065,354589,47065
2464,05000US47067,6605,47067
2465,05000US47069,25784,47069
2466,05000US47071,25813,47071
2467,05000US47073,56402,47073
2468,05000US47075,17944,47075
2469,05000US47077,27889,47077
2470,05000US47079,32263,47079
2471,05000US47081,24502,47081
2472,05000US47083,8188,47083
2473,05000US47085,18281,47085
2474,05000US47087,11573,47087
2475,05000US47089,52887,47089
2476,05000US47091,17846,47091
2477,05000US47093,452286,47093
2478,05000US47095,7588,47095
2479,05000US47097,26497,47097
2480,05000US47099,42591,47099
2481,05000US47101,11944,47101
2482,05000US47103,33543,47103
2483,05000US47105,51024,47105
2484,05000US47107,52569,47107
2485,05000US47109,25945,47109
2486,05000US47111,23239,47111
2487,05000US47113,97887,47113
2488,05000US47115,28355,47115
2489,05000US47117,31753,47117
2490,05000US47119,87606,47119
2491,05000US47121,11830,47121
2492,05000US47123,45698,47123
2493,05000US47125,192120,47125
2494,05000US47127,6302,47127
2495,05000US47129,21639,47129
2496,05000US47131,30659,47131
2497,05000US47133,21995,47133
2498,05000US47135,7882,47135
2499,05000US47137,5071,47137
2500,05000US47139,16722,47139
2501,05000US47141,75565,47141
2502,05000US47143,32478,47143
2503,05000US47145,52926,47145
2504,05000US47147,68575,47147
2505,05000US47149,298456,47149
2506,05000US47151,21949,47151
2507,05000US47153,14654,47153
2508,05000US47155,95523,47155
2509,05000US47157,937847,47157
2510,05000US47159,19279,47159
2511,05000US47161,13248,47161
2512,05000US47163,156519,47163
2513,05000US47165,175730,47165
2514,05000US47167,61434,47167
2515,05000US47169,8773,47169
2516,05000US47171,17830,47171
2517,05000US47173,19176,47173
2518,05000US47175,5675,47175
2519,05000US47177,40210,47177
2520,05000US47179,126437,47179
2521,05000US47181,16713,47181
2522,05000US47183,33776,47183
2523,05000US47185,26394,47185
2524,05000US47187,212161,47187
2525,05000US47189,128874,47189
2526,05000US48001,57747,48001
2527,05000US48003,17577,48003
2528,05000US48005,87700,48005
2529,05000US48007,24832,48007
2530,05000US48009,8793,48009
2531,05000US48011,1929,48011
2532,05000US48013,48139,48013
2533,05000US48015,29292,48015
2534,05000US48017,7098,48017
2535,05000US48019,21316,48019
2536,05000US48021,80306,48021
2537,05000US48023,3602,48023
2538,05000US48025,32729,48025
2539,05000US48027,336506,48027
2540,05000US48029,1892004,48029
2541,05000US48031,11089,48031
2542,05000US48033,602,48033
2543,05000US48035,17955,48035
2544,05000US48037,93635,48037
2545,05000US48039,345995,48039
2546,05000US48041,214231,48041
2547,05000US48043,9220,48043
2548,05000US48045,1591,48045
2549,05000US48047,7251,48047
2550,05000US48049,37787,48049
2551,05000US48051,17596,48051
2552,05000US48053,45017,48053
2553,05000US48055,40544,48055
2554,05000US48057,21821,48057
2555,05000US48059,13660,48059
2556,05000US48061,420201,48061
2557,05000US48063,12670,48063
2558,05000US48065,6033,48065
2559,05000US48067,30118,48067
2560,05000US48069,7891,48069
2561,05000US48071,39283,48071
2562,05000US48073,51594,48073
2563,05000US48075,7064,48075
2564,05000US48077,10369,48077
2565,05000US48079,2932,48079
2566,05000US48081,3238,48081
2567,05000US48083,8422,48083
2568,05000US48085,914075,48085
2569,05000US48087,3026,48087
2570,05000US48089,20913,48089
2571,05000US48091,129100,48091
2572,05000US48093,13492,48093
2573,05000US48095,3858,48095
2574,05000US48097,39064,48097
2575,05000US48099,75818,48099
2576,05000US48101,1498,48101
2577,05000US48103,4836,48103
2578,05000US48105,3836,48105
2579,05000US48107,5895,48107
2580,05000US48109,2257,48109
2581,05000US48111,7207,48111
2582,05000US48113,2552213,48113
2583,05000US48115,13095,48115
2584,05000US48117,18947,48117
2585,05000US48119,5172,48119
2586,05000US48121,781321,48121
2587,05000US48123,20474,48123
2588,05000US48125,2224,48125
2589,05000US48127,10822,48127
2590,05000US48129,3433,48129
2591,05000US48131,11434,48131
2592,05000US48133,18278,48133
2593,05000US48135,155744,48135
2594,05000US48137,2111,48137
2595,05000US48139,164092,48139
2596,05000US48141,834825,48141
2597,05000US48143,41016,48143
2598,05000US48145,17289,48145
2599,05000US48147,33787,48147
2600,05000US48149,24963,48149
2601,05000US48151,3875,48151
2602,05000US48153,5953,48153
2603,05000US48155,1414,48155
2604,05000US48157,711421,48157
2605,05000US48159,10639,48159
2606,05000US48161,19646,48161
2607,05000US48163,19110,48163
2608,05000US48165,19889,48165
2609,05000US48167,321184,48167
2610,05000US48169,6739,48169
2611,05000US48171,25939,48171
2612,05000US48173,1420,48173
2613,05000US48175,7510,48175
2614,05000US48177,20558,48177
2615,05000US48179,22962,48179
2616,05000US48181,126146,48181
2617,05000US48183,123402,48183
2618,05000US48185,27358,48185
2619,05000US48187,150889,48187
2620,05000US48189,34527,48189
2621,05000US48191,3102,48191
2622,05000US48193,8220,48193
2623,05000US48195,5532,48195
2624,05000US48197,3990,48197
2625,05000US48199,55993,48199
2626,05000US48201,4525519,48201
2627,05000US48203,66606,48203
2628,05000US48205,5821,48205
2629,05000US48207,5806,48207
2630,05000US48209,194843,48209
2631,05000US48211,4152,48211
2632,05000US48213,79687,48213
2633,05000US48215,839539,48215
2634,05000US48217,35098,48217
2635,05000US48219,23273,48219
2636,05000US48221,55418,48221
2637,05000US48223,35929,48223
2638,05000US48225,22849,48225
2639,05000US48227,36491,48227
2640,05000US48229,3702,48229
2641,05000US48231,90322,48231
2642,05000US48233,21704,48233
2643,05000US48235,1592,48235
2644,05000US48237,8839,48237
2645,05000US48239,14756,48239
2646,05000US48241,35444,48241
2647,05000US48243,2236,48243
2648,05000US48245,254574,48245
2649,05000US48247,5262,48247
2650,05000US48249,41318,48249
2651,05000US48251,160173,48251
2652,05000US48253,19969,48253
2653,05000US48255,15051,48255
2654,05000US48257,114852,48257
2655,05000US48259,40306,48259
2656,05000US48261,564,48261
2657,05000US48263,680,48263
2658,05000US48265,50761,48265
2659,05000US48267,4432,48267
2660,05000US48269,289,48269
2661,05000US48271,3631,48271
2662,05000US48273,31540,48273
2663,05000US48275,3753,48275
2664,05000US48277,49401,48277
2665,05000US48279,13368,48279
2666,05000US48281,20473,48281
2667,05000US48283,7418,48283
2668,05000US48285,19859,48285
2669,05000US48287,16850,48287
2670,05000US48289,16966,48289
2671,05000US48291,79884,48291
2672,05000US48293,23480,48293
2673,05000US48295,3495,48295
2674,05000US48297,12043,48297
2675,05000US48299,20195,48299
2676,05000US48301,74,48301
2677,05000US48303,298042,48303
2678,05000US48305,5785,48305
2679,05000US48307,8145,48307
2680,05000US48309,245720,48309
2681,05000US48311,600,48311
2682,05000US48313,13979,48313
2683,05000US48315,10140,48315
2684,05000US48317,5547,48317
2685,05000US48319,4122,48319
2686,05000US48321,36744,48321
2687,05000US48323,57471,48323
2688,05000US48325,48548,48325
2689,05000US48327,2123,48327
2690,05000US48329,159883,48329
2691,05000US48331,24479,48331
2692,05000US48333,4887,48333
2693,05000US48335,8774,48335
2694,05000US48337,19406,48337
2695,05000US48339,535187,48339
2696,05000US48341,22016,48341
2697,05000US48343,12530,48343
2698,05000US48345,1114,48345
2699,05000US48347,65411,48347
2700,05000US48349,48239,48349
2701,05000US48351,14187,48351
2702,05000US48353,14990,48353
2703,05000US48355,358484,48355
2704,05000US48357,10484,48357
2705,05000US48359,2083,48359
2706,05000US48361,83909,48361
2707,05000US48363,28109,48363
2708,05000US48365,23574,48365
2709,05000US48367,125963,48367
2710,05000US48369,9871,48369
2711,05000US48371,15804,48371
2712,05000US48373,46974,48373
2713,05000US48375,121230,48375
2714,05000US48377,7191,48377
2715,05000US48379,11246,48379
2716,05000US48381,130552,48381
2717,05000US48383,3735,48383
2718,05000US48385,3358,48385
2719,05000US48387,12353,48387
2720,05000US48389,14791,48389
2721,05000US48391,7293,48391
2722,05000US48393,889,48393
2723,05000US48395,16727,48395
2724,05000US48397,90414,48397
2725,05000US48399,10266,48399
2726,05000US48401,53026,48401
2727,05000US48403,10429,48403
2728,05000US48405,8403,48405
2729,05000US48407,27436,48407
2730,05000US48409,66867,48409
2731,05000US48411,5851,48411
2732,05000US48413,3122,48413
2733,05000US48415,17346,48415
2734,05000US48417,3348,48417
2735,05000US48419,25689,48419
2736,05000US48421,3067,48421
2737,05000US48423,222277,48423
2738,05000US48425,8650,48425
2739,05000US48427,63420,48427
2740,05000US48429,9365,48429
2741,05000US48431,1139,48431
2742,05000US48433,1084,48433
2743,05000US48435,3894,48435
2744,05000US48437,7541,48437
2745,05000US48439,1983675,48439
2746,05000US48441,135371,48441
2747,05000US48443,721,48443
2748,05000US48445,12755,48445
2749,05000US48447,1541,48447
2750,05000US48449,32664,48449
2751,05000US48451,116906,48451
2752,05000US48453,1176584,48453
2753,05000US48455,14481,48455
2754,05000US48457,21456,48457
2755,05000US48459,40506,48459
2756,05000US48461,3575,48461
2757,05000US48463,27015,48463
2758,05000US48465,48976,48465
2759,05000US48467,53607,48467
2760,05000US48469,91518,48469
2761,05000US48471,70818,48471
2762,05000US48473,48443,48473
2763,05000US48475,11498,48475
2764,05000US48477,34667,48477
2765,05000US48479,269624,48479
2766,05000US48481,41430,48481
2767,05000US48483,5599,48483
2768,05000US48485,131778,48485
2769,05000US48487,12972,48487
2770,05000US48489,21839,48489
2771,05000US48491,508313,48491
2772,05000US48493,47205,48493
2773,05000US48495,7777,48495
2774,05000US48497,63247,48497
2775,05000US48499,43315,48499
2776,05000US48501,8481,48501
2777,05000US48503,18166,48503
2778,05000US48505,14415,48505
2779,05000US48507,12152,48507
2780,05000US49001,6414,49001
2781,05000US49003,52182,49003
2782,05000US49005,120288,49005
2783,05000US49007,20512,49007
2784,05000US49009,702,49009
2785,05000US49011,334977,49011
2786,05000US49013,20259,49013
2787,05000US49015,10410,49015
2788,05000US49017,5020,49017
2789,05000US49019,9544,49019
2790,05000US49021,48504,49021
2791,05000US49023,10694,49023
2792,05000US49025,7246,49025
2793,05000US49027,12651,49027
2794,05000US49029,11014,49029
2795,05000US49031,1860,49031
2796,05000US49033,2307,49033
2797,05000US49035,1106700,49035
2798,05000US49037,15193,49037
2799,05000US49039,28892,49039
2800,05000US49041,20961,49041
2801,05000US49043,39731,49043
2802,05000US49045,63357,49045
2803,05000US49047,36343,49047
2804,05000US49049,576496,49049
2805,05000US49051,29306,49051
2806,05000US49053,155577,49053
2807,05000US49055,2700,49055
2808,05000US49057,244101,49057
2809,05000US50001,36825,50001
2810,05000US50003,36054,50003
2811,05000US50005,30576,50005
2812,05000US50007,160985,50007
2813,05000US50009,6203,50009
2814,05000US50011,48816,50011
2815,05000US50013,6950,50013
2816,05000US50015,25191,50015
2817,05000US50017,28901,50017
2818,05000US50019,26951,50019
2819,05000US50021,59676,50021
2820,05000US50023,58691,50023
2821,05000US50025,43332,50025
2822,05000US50027,55485,50027
2823,05000US51001,32840,51001
2824,05000US51003,105105,51003
2825,05000US51005,15489,51005
2826,05000US51007,12802,51007
2827,05000US51009,31819,51009
2828,05000US51011,15462,51011
2829,05000US51013,229534,51013
2830,05000US51015,74390,51015
2831,05000US51017,4458,51017
2832,05000US51019,77319,51019
2833,05000US51021,6524,51021
2834,05000US51023,33149,51023
2835,05000US51025,16435,51025
2836,05000US51027,22611,51027
2837,05000US51029,17048,51029
2838,05000US51031,55158,51031
2839,05000US51033,29889,51033
2840,05000US51035,29767,51035
2841,05000US51036,7022,51036
2842,05000US51037,12176,51037
2843,05000US51041,335594,51041
2844,05000US51043,14331,51043
2845,05000US51045,5131,51045
2846,05000US51047,49795,51047
2847,05000US51049,9797,51049
2848,05000US51051,15181,51051
2849,05000US51053,28033,51053
2850,05000US51057,11083,51057
2851,05000US51059,1142004,51059
2852,05000US51061,68406,51061
2853,05000US51063,15594,51063
2854,05000US51065,26109,51065
2855,05000US51067,56277,51067
2856,05000US51069,83784,51069
2857,05000US51071,16867,51071
2858,05000US51073,37035,51073
2859,05000US51075,22148,51075
2860,05000US51077,15708,51077
2861,05000US51079,19213,51079
2862,05000US51081,11606,51081
2863,05000US51083,35030,51083
2864,05000US51085,103218,51085
2865,05000US51087,324073,51087
2866,05000US51089,51956,51089
2867,05000US51091,2213,51091
2868,05000US51093,36090,51093
2869,05000US51095,73028,51095
2870,05000US51097,7052,51097
2871,05000US51099,25564,51099
2872,05000US51101,16329,51101
2873,05000US51103,10848,51103
2874,05000US51105,24428,51105
2875,05000US51107,374558,51107
2876,05000US51109,34813,51109
2877,05000US51111,12369,51111
2878,05000US51113,13108,51113
2879,05000US51115,8830,51115
2880,05000US51117,30959,51117
2881,05000US51119,10710,51119
2882,05000US51121,97692,51121
2883,05000US51125,14863,51125
2884,05000US51127,20523,51127
2885,05000US51131,11998,51131
2886,05000US51133,12254,51133
2887,05000US51135,15537,51135
2888,05000US51137,35265,51137
2889,05000US51139,23694,51139
2890,05000US51141,17958,51141
2891,05000US51143,61970,51143
2892,05000US51145,28364,51145
2893,05000US51147,22903,51147
2894,05000US51149,37704,51149
2895,05000US51153,450763,51153
2896,05000US51155,34330,51155
2897,05000US51157,7359,51157
2898,05000US51159,8873,51159
2899,05000US51161,93419,51161
2900,05000US51163,22440,51163
2901,05000US51165,78653,51165
2902,05000US51167,27725,51167
2903,05000US51169,22290,51169
2904,05000US51171,42854,51171
2905,05000US51173,31298,51173
2906,05000US51175,18089,51175
2907,05000US51177,130159,51177
2908,05000US51179,141159,51179
2909,05000US51181,6670,51181
2910,05000US51183,11595,51183
2911,05000US51185,42689,51185
2912,05000US51187,38991,51187
2913,05000US51191,54457,51191
2914,05000US51193,17596,51193
2915,05000US51195,39539,51195
2916,05000US51197,29048,51197
2917,05000US51199,67196,51199
2918,05000US51510,154710,51510
2919,05000US51520,17077,51520
2920,05000US51530,6495,51530
2921,05000US51540,46487,51540
2922,05000US51550,235410,51550
2923,05000US51570,17582,51570
2924,05000US51580,5675,51580
2925,05000US51590,41911,51590
2926,05000US51595,5495,51595
2927,05000US51600,23580,51600
2928,05000US51610,13843,51610
2929,05000US51620,8334,51620
2930,05000US51630,28135,51630
2931,05000US51640,6788,51640
2932,05000US51650,136255,51650
2933,05000US51660,53064,51660
2934,05000US51670,22353,51670
2935,05000US51678,7113,51678
2936,05000US51680,79237,51680
2937,05000US51683,41379,51683
2938,05000US51685,16117,51685
2939,05000US51690,13256,51690
2940,05000US51700,180775,51700
2941,05000US51710,245752,51710
2942,05000US51720,4043,51720
2943,05000US51730,32037,51730
2944,05000US51735,12022,51735
2945,05000US51740,95536,51740
2946,05000US51750,17380,51750
2947,05000US51760,220892,51760
2948,05000US51770,99572,51770
2949,05000US51775,25521,51775
2950,05000US51790,24273,51790
2951,05000US51800,88057,51800
2952,05000US51810,450057,51810
2953,05000US51820,21620,51820
2954,05000US51830,14817,51830
2955,05000US51840,27516,51840
2956,05000US53001,19261,53001
2957,05000US53003,22259,53003
2958,05000US53005,190529,53005
2959,05000US53007,75138,53007
2960,05000US53009,73439,53009
2961,05000US53011,457474,53011
2962,05000US53013,3999,53013
2963,05000US53015,103590,53015
2964,05000US53017,40585,53017
2965,05000US53019,7568,53019
2966,05000US53021,89124,53021
2967,05000US53023,2226,53023
2968,05000US53025,93420,53025
2969,05000US53027,71454,53027
2970,05000US53029,80323,53029
2971,05000US53031,30524,53031
2972,05000US53033,2118119,53033
2973,05000US53035,258903,53035
2974,05000US53037,43726,53037
2975,05000US53039,21172,53039
2976,05000US53041,76012,53041
2977,05000US53043,10344,53043
2978,05000US53045,61569,53045
2979,05000US53047,41377,53047
2980,05000US53049,20940,53049
2981,05000US53051,13066,53051
2982,05000US53053,845193,53053
2983,05000US53055,16221,53055
2984,05000US53057,121725,53057
2985,05000US53059,11498,53059
2986,05000US53061,771904,53061
2987,05000US53063,490764,53063
2988,05000US53065,43858,53065
2989,05000US53067,269885,53067
2990,05000US53069,4105,53069
2991,05000US53071,59862,53071
2992,05000US53073,212738,53073
2993,05000US53075,47794,53075
2994,05000US53077,248279,53077
2995,05000US54001,16790,54001
2996,05000US54003,111610,54003
2997,05000US54005,23236,54005
2998,05000US54007,14345,54007
2999,05000US54009,23067,54009
3000,05000US54011,96100,54011
3001,05000US54013,7450,54013
3002,05000US54015,8901,54015
3003,05000US54017,8570,54017
3004,05000US54019,44602,54019
3005,05000US54021,8305,54021
3006,05000US54023,11673,54023
3007,05000US54025,35523,54025
3008,05000US54027,23412,54027
3009,05000US54029,29921,54029
3010,05000US54031,13812,54031
3011,05000US54033,68438,54033
3012,05000US54035,29123,54035
3013,05000US54037,55673,54037
3014,05000US54039,187827,54039
3015,05000US54041,16371,54041
3016,05000US54043,21241,54043
3017,05000US54045,34428,54045
3018,05000US54047,19707,54047
3019,05000US54049,56575,54049
3020,05000US54051,32006,54051
3021,05000US54053,27000,54053
3022,05000US54055,60963,54055
3023,05000US54057,27421,54057
3024,05000US54059,25150,54059
3025,05000US54061,103715,54061
3026,05000US54063,13517,54063
3027,05000US54065,17510,54065
3028,05000US54067,25496,54067
3029,05000US54069,42906,54069
3030,05000US54071,7138,54071
3031,05000US54073,7527,54073
3032,05000US54075,8574,54075
3033,05000US54077,33760,54077
3034,05000US54079,56644,54079
3035,05000US54081,77097,54081
3036,05000US54083,29152,54083
3037,05000US54085,10005,54085
3038,05000US54087,14348,54087
3039,05000US54089,13210,54089
3040,05000US54091,16977,54091
3041,05000US54093,7035,54093
3042,05000US54095,8949,54095
3043,05000US54097,24604,54097
3044,05000US54099,41063,54099
3045,05000US54101,8637,54101
3046,05000US54103,15793,54103
3047,05000US54105,5800,54105
3048,05000US54107,86016,54107
3049,05000US54109,22130,54109
3050,05000US55001,20111,55001
3051,05000US55003,15779,55003
3052,05000US55005,45358,55005
3053,05000US55007,15004,55007
3054,05000US55009,258004,55009
3055,05000US55011,13243,55011
3056,05000US55013,15239,55013
3057,05000US55015,49737,55015
3058,05000US55017,63445,55017
3059,05000US55019,34513,55019
3060,05000US55021,56790,55021
3061,05000US55023,16313,55023
3062,05000US55025,522837,55025
3063,05000US55027,87833,55027
3064,05000US55029,27443,55029
3065,05000US55031,43503,55031
3066,05000US55033,44260,55033
3067,05000US55035,102388,55035
3068,05000US55037,4354,55037
3069,05000US55039,102082,55039
3070,05000US55041,9035,55041
3071,05000US55043,51742,55043
3072,05000US55045,36869,55045
3073,05000US55047,18745,55047
3074,05000US55049,23576,55049
3075,05000US55051,5748,55051
3076,05000US55053,20531,55053
3077,05000US55055,84586,55055
3078,05000US55057,26427,55057
3079,05000US55059,167886,55059
3080,05000US55061,20378,55061
3081,05000US55063,117582,55063
3082,05000US55065,16755,55065
3083,05000US55067,19190,55067
3084,05000US55069,27994,55069
3085,05000US55071,79680,55071
3086,05000US55073,135293,55073
3087,05000US55075,40712,55075
3088,05000US55077,15164,55077
3089,05000US55078,4506,55078
3090,05000US55079,956586,55079
3091,05000US55081,45303,55081
3092,05000US55083,37465,55083
3093,05000US55085,35352,55085
3094,05000US55087,183288,55087
3095,05000US55089,87817,55089
3096,05000US55091,7282,55091
3097,05000US55093,41226,55093
3098,05000US55095,43328,55095
3099,05000US55097,70371,55097
3100,05000US55099,13566,55099
3101,05000US55101,195101,55101
3102,05000US55103,17626,55103
3103,05000US55105,161226,55105
3104,05000US55107,14211,55107
3105,05000US55109,87142,55109
3106,05000US55111,63340,55111
3107,05000US55113,16384,55113
3108,05000US55115,41136,55115
3109,05000US55117,115094,55117
3110,05000US55119,20344,55119
3111,05000US55121,29510,55121
3112,05000US55123,30378,55123
3113,05000US55125,21465,55125
3114,05000US55127,102917,55127
3115,05000US55129,15638,55129
3116,05000US55131,133967,55131
3117,05000US55133,396731,55133
3118,05000US55135,51651,55135
3119,05000US55137,24170,55137
3120,05000US55139,169540,55139
3121,05000US55141,73427,55141
3122,05000US56001,37944,56001
3123,05000US56003,11920,56003
3124,05000US56005,48116,56005
3125,05000US56007,15689,56007
3126,05000US56009,14166,56009
3127,05000US56011,7347,56011
3128,05000US56013,40354,56013
3129,05000US56015,13479,56015
3130,05000US56017,4741,56017
3131,05000US56019,8562,56019
3132,05000US56021,97031,56021
3133,05000US56023,18791,56023
3134,05000US56025,81023,56025
3135,05000US56027,2479,56027
3136,05000US56029,29276,56029
3137,05000US56031,8703,56031
3138,05000US56033,29964,56033
3139,05000US56035,10037,56035
3140,05000US56037,44527,56037
3141,05000US56039,22923,56039
3142,05000US56041,20758,56041
3143,05000US56043,8253,56043
3144,05000US56045,7117,56045
3145,05000US72001,18525,72001
3146,05000US72003,39470,72003
3147,05000US72005,55722,72005
3148,05000US72007,26855,72007
3149,05000US72009,24008,72009
3150,05000US72011,27892,72011
3151,05000US72013,89550,72013
3152,05000US72015,18504,72015
3153,05000US72017,24583,72017
3154,05000US72019,29237,72019
3155,05000US72021,188614,72021
3156,05000US72023,49726,72023
3157,05000US72025,134269,72025
3158,05000US72027,32936,72027
3159,05000US72029,46779,72029
3160,05000US72031,161684,72031
3161,05000US72033,25595,72033
3162,05000US72035,45431,72035
3163,05000US72037,12238,72037
3164,05000US72039,17325,72039
3165,05000US72041,41181,72041
3166,05000US72043,39796,72043
3167,05000US72045,19914,72045
3168,05000US72047,34933,72047
3169,05000US72049,1494,72049
3170,05000US72051,37722,72051
3171,05000US72053,33075,72053
3172,05000US72054,12140,72054
3173,05000US72055,17327,72055
3174,05000US72057,42623,72057
3175,05000US72059,19578,72059
3176,05000US72061,90773,72061
3177,05000US72063,47074,72063
3178,05000US72065,40978,72065
3179,05000US72067,16474,72067
3180,05000US72069,54736,72069
3181,05000US72071,43314,72071
3182,05000US72073,15297,72073
3183,05000US72075,47952,72075
3184,05000US72077,39704,72077
3185,05000US72079,23893,72079
3186,05000US72081,27321,72081
3187,05000US72083,8874,72083
3188,05000US72085,38253,72085
3189,05000US72087,27242,72087
3190,05000US72089,18952,72089
3191,05000US72091,40705,72091
3192,05000US72093,6180,72093
3193,05000US72095,11297,72095
3194,05000US72097,79615,72097
3195,05000US72099,37676,72099
3196,05000US72101,31785,72101
3197,05000US72103,26584,72103
3198,05000US72105,29112,72105
3199,05000US72107,21906,72107
3200,05000US72109,17769,72109
3201,05000US72111,21661,72111
3202,05000US72113,148863,72113
3203,05000US72115,24548,72115
3204,05000US72117,14526,72117
3205,05000US72119,51768,72119
3206,05000US72121,23610,72121
3207,05000US72123,29239,72123
3208,05000US72125,32937,72125
3209,05000US72127,355181,72127
3210,05000US72129,38689,72129
3211,05000US72131,38970,72131
3212,05000US72133,22475,72133
3213,05000US72135,74169,72135
3214,05000US72137,81905,72137
3215,05000US72139,69478,72139
3216,05000US72141,30209,72141
3217,05000US72143,38589,72143
3218,05000US72145,54754,72145
3219,05000US72147,8931,72147
3220,05000US72149,23659,72149
3221,05000US72151,35025,72151
3222,05000US72153,37585,72153
